Epoch, l_theta, l_f, l_top, l_bottom
0, 0.09678582710205544, 1.045550686037908e-06, 0.00014410401378108412, 1.022909922047943
1, 0.09621364063718611, 7.37424026193495e-08, 0.0001441027872788461, 1.0228352112845063
2, 0.09586667479567136, 5.497710713593162e-09, 0.00014410278011348158, 1.022805328863243
3, 0.09496998152753593, 6.137597828346602e-09, 0.00014410525616085398, 1.0227870718268237
4, 0.08963827480955382, 1.869656215445748e-08, 0.00014412075170101745, 1.0226858441665667
5, 0.07746074294538248, 6.120643055373625e-08, 0.0001441589754708872, 1.0224370385829362
6, 0.05955504549841978, 1.2111820979152736e-07, 0.00014422222608539967, 1.0219957635938117
7, 0.021285786137952806, 6.091781076638154e-08, 0.00014441220707326024, 1.020317419338923
8, 0.004874224287865412, 6.429381783316403e-08, 0.0001446658752947493, 1.015173297580073
9, 0.0057537976272560055, 2.267065414565944e-08, 0.00014480754210456973, 1.0167321792797341
10, 0.003967543359690032, 7.561593127139581e-10, 0.00014472856874462838, 1.0171012599477325
11, 0.0029595232684872627, 2.20338636870552e-09, 0.0001446976508055974, 1.0174514292124641
12, 0.002874272626873363, 1.6141367811270798e-09, 0.00014472915208039964, 1.0182163952184233
13, 0.002689315563339095, 8.262554106193085e-10, 0.00014471540418425953, 1.0179258675166896
14, 0.0026890433426586097, 5.62183903196656e-10, 0.00014469373997526627, 1.0179735202881854
15, 0.002688728292646218, 4.5124197772371545e-10, 0.00014467692528593733, 1.0180469255426894
16, 0.0026891285328538646, 3.0469555993537663e-10, 0.00014465546677731435, 1.0181645427410813
17, 0.002688747704029999, 8.906097416699407e-11, 0.00014461870240275703, 1.0183570687588122
18, 0.002688239298081967, 3.2602855389301824e-11, 0.00014459495610753164, 1.018489754720022
19, 0.002688245956103774, 2.096364834705253e-11, 0.00014458500113197591, 1.0185716339141735
20, 0.002688375013675505, 8.936600126789631e-12, 0.0001445812311415503, 1.018699079938939
21, 0.002688389922239091, 6.838721789260878e-12, 0.0001445790688294463, 1.0187509666891457
22, 0.0026884153185025247, 4.949784281375995e-12, 0.00014458050203809366, 1.0187672248654283
23, 0.002688466973547213, 2.7690685418072147e-12, 0.0001445866667447725, 1.0187642308259108
24, 0.002688496333087936, 2.143074685563997e-12, 0.00014459234909631514, 1.0187367558229536
25, 0.002688514998541992, 2.008198799126733e-12, 0.00014459856893674143, 1.0186848329598959
26, 0.0026885216872648086, 2.2191237452879896e-12, 0.00014460795494739082, 1.018573657901741
27, 0.0026885305085280996, 4.7361363215069766e-12, 0.00014465131495032573, 1.018003905565709
28, 0.0026885156263315876, 8.517453149234365e-12, 0.0001447059663408171, 1.017212083920605
29, 0.0026884597982322947, 1.56656588161125e-11, 0.00014479290740041366, 1.0158118639786375
30, 0.002688375275677119, 2.0102753359378184e-11, 0.0001448641977153936, 1.0145031862489622
31, 0.0026881567743934492, 2.9205665793881934e-11, 0.0001449981451652896, 1.0115490703076566
32, 0.0026878615906076905, 7.243740701212706e-11, 0.00014520863308273795, 1.0045757901576429
33, 0.0026878489305074684, 2.935998538575919e-11, 0.00014515132644865144, 1.0065677305828058
34, 0.002687746350745727, 1.4228311603410223e-11, 0.0001452038394649979, 1.0053398917393688
35, 0.002687580819727336, 2.645379023018899e-11, 0.00014527848509364373, 1.002667154182427
36, 0.002687394805180067, 4.070833469475687e-11, 0.0001453314502632359, 1.0001913683979293
37, 0.002686729954049324, 9.196423509450685e-11, 0.0001454397019323965, 0.9924063836288544
38, 0.0026861648949298342, 1.286215798502666e-10, 0.00014548743223447832, 0.9871112474512984
39, 0.0026862359881478443, 1.5520978452306237e-10, 0.00014554983313040781, 0.9825308506459808
40, 0.002686159747421919, 1.772223739748103e-10, 0.00014557221004022548, 0.9801461352885701
41, 0.002686123338658251, 1.856350927672128e-10, 0.00014558412696855005, 0.9790471428231496
42, 0.0026863050121367334, 2.4650708036491934e-10, 0.000145678672470603, 0.9703608436762237
43, 0.002689479436988725, 3.485125975797519e-10, 0.00014585030455021645, 0.9519523297174244
44, 0.002692484328366133, 4.692617973076195e-10, 0.00014595781396448023, 0.9327822930737023
45, 0.0026999759770321113, 6.284091349953904e-10, 0.00014609852262988647, 0.8999277090050973
46, 0.0027070495872030657, 6.97504998818018e-10, 0.00014619830203695193, 0.8715878676907035
47, 0.002720251423932981, 8.509135960624682e-10, 0.00014633113240206108, 0.8023996357726114
48, 0.0027164152402179946, 8.925134337427228e-10, 0.00014640097132745348, 0.758343268303843
49, 0.0027152053760116763, 7.939043069294004e-10, 0.00014640719840640034, 0.7426021572558764
50, 0.002695012246513054, 8.952355119738197e-10, 0.00014630285584220625, 0.6932956939365594
51, 0.0026830171230837908, 5.345294628167377e-10, 0.0001463463197572897, 0.6983540695525315
52, 0.002677140158758834, 1.035691581305608e-09, 0.00014584790612883063, 0.5558966240995182
53, 0.0026823856419652494, 1.6365978052278944e-09, 0.00014500639375120562, 0.3902882381189982
54, 0.0026913611637519263, 2.647041083679983e-09, 0.0001437151197266973, 0.16488807925323384
55, 0.0027009399868491994, 2.675994380622042e-09, 0.00014307755842624394, 0.06409236887993447
56, 0.0027168881134208133, 2.4815012789360485e-09, 0.0001428370033032965, 0.030986651745609533
57, 0.0027058815271738686, 1.66833530835079e-09, 0.0001428347937781288, 0.026146577861763172
58, 0.0026739185711974665, 1.2165236704764451e-09, 0.00014315976860221143, 0.0736788237051714
59, 0.002671609692484089, 1.4596856694234534e-09, 0.00014277155268606925, 0.027284187052911687
60, 0.0026710068571569614, 1.3528113326310933e-09, 0.00014282744478866816, 0.028846412594266686
61, 0.0026716522838622324, 1.3760607488908155e-09, 0.00014275855909921058, 0.01675910309041224
62, 0.002671681621353993, 1.2863888027142567e-09, 0.00014277812823532463, 0.011984892358613325
63, 0.002671937656185393, 1.1523347233255794e-09, 0.00014292930177865296, 0.012871584824847682
64, 0.0026719370890142626, 1.068042358961977e-09, 0.0001429759114442731, 0.012525805990116866
65, 0.0026720807215770107, 1.084047945295607e-09, 0.00014297562890132194, 0.006300952488979773
66, 0.0026727478569973633, 1.002051038374654e-09, 0.00014310073511738229, 0.008476226806955561
67, 0.0026734633565036947, 9.347712935066035e-10, 0.00014318026892369665, 0.009056623521913216
68, 0.0026743656178645947, 7.951293751686749e-10, 0.00014337418923326045, 0.009153686943794925
69, 0.0026736183617691997, 6.443571989765575e-10, 0.00014348401060856037, 0.00710025873392844
70, 0.002673033973423134, 5.106920197288253e-10, 0.0001436100992176685, 0.0017110067036318888
71, 0.0026725246200569913, 3.432899424501473e-10, 0.00014346382978174, 0.0012084589672300202
72, 0.002672574589762251, 3.212307395848152e-10, 0.00014350680526698035, 0.0012596050992608094
73, 0.0026726390235592753, 3.1217360084892893e-10, 0.00014355497174610646, 0.0015809320841110458
74, 0.0026726181039377996, 3.090867441344512e-10, 0.0001435716472734777, 0.001793079784865175
75, 0.0026726521231095735, 3.042786103461983e-10, 0.00014359144589023797, 0.001881200224620958
76, 0.002673188872302713, 2.795101398885953e-10, 0.00014368944657750204, 0.0021951117146211366
77, 0.0026738997909687293, 2.4988746429574404e-10, 0.00014381849941724962, 0.002177774106041443
78, 0.002674191840834926, 2.0892183375582634e-10, 0.00014407690428711118, 0.001979543069056754
79, 0.0026734950122790516, 1.817844850841849e-10, 0.00014435173814490365, 0.001752685592898953
80, 0.002673356748044139, 1.5833024277020447e-10, 0.00014460487100838862, 0.0012952731750996557
81, 0.002673779362572095, 1.2651345728750268e-10, 0.00014501751951930355, 0.0012634069398406304
82, 0.0026743748482149538, 8.94777494904987e-11, 0.0001456180783359398, 0.0015566750226950086
83, 0.002674319361791302, 7.400327623186014e-11, 0.00014571477597519815, 0.0011170425926532361
84, 0.0026746205417189847, 5.530011272017957e-11, 0.00014621264795053497, 0.0010284019160465977
85, 0.0026752262808269305, 3.613775985144599e-11, 0.00014702718426141856, 0.0009061532260097419
86, 0.002675585631726027, 2.8061261322449545e-11, 0.00014757931102155078, 0.0008404246286810319
87, 0.0026758856555456293, 2.2520193415233667e-11, 0.0001479653928302736, 0.0008088563309751381
88, 0.00267602553776159, 1.8738219173160142e-11, 0.00014812942685374738, 0.0007952213839248472
89, 0.002676208291414178, 1.5939908992548904e-11, 0.00014835916728252467, 0.0007563067608892906
90, 0.002676341850145577, 1.3546551075118408e-11, 0.00014855256095316883, 0.000741306533803047
91, 0.0026764235364409358, 1.1861201801410907e-11, 0.00014867268211355341, 0.0007286488666605864
92, 0.0026764679594555307, 1.0155434467576216e-11, 0.00014873719213178248, 0.0007193990169548363
93, 0.0026764918430701194, 8.868328499612403e-12, 0.00014875506204000603, 0.0007053492805402232
94, 0.002676285856045526, 9.721247035499781e-12, 0.00014849825696358016, 0.0007117246028193516
95, 0.0026762035286209715, 1.0086242747542057e-11, 0.00014839313128089702, 0.0007176310505257578
96, 0.0026760830567912025, 1.0835411172395589e-11, 0.00014824709991225442, 0.0007337529429350512
97, 0.0026760126136113776, 1.1226255325303703e-11, 0.00014816904153575685, 0.0007416187460305614
98, 0.002675732098702367, 1.2977034605516497e-11, 0.000147892847622603, 0.0007728974622110168
99, 0.002675729808816293, 1.2546447526790461e-11, 0.0001479228008339936, 0.0007718102737311625
100, 0.0026756164439609856, 1.2385206435929366e-11, 0.0001479202368722553, 0.0007797227616023456
101, 0.002675641266291381, 1.1432157490894499e-11, 0.000148066475629376, 0.0007677305209899868
102, 0.0026754914868093787, 1.2159488017413205e-11, 0.00014805461121251992, 0.0007821385898378092
103, 0.0026754245129036766, 1.1892621352572065e-11, 0.00014814276054606848, 0.0007882492249341943
104, 0.0026751700079878918, 1.2755804884120185e-11, 0.00014831098458935609, 0.0007964954454530651
105, 0.002674915806069531, 1.287917949646543e-11, 0.00014862301715417466, 0.0007924415015805184
106, 0.0026743298234632954, 1.6703033868440553e-11, 0.00014922688365962193, 0.0007997501886955658
107, 0.0026737667823200644, 1.4313954148417361e-11, 0.00015021747533811833, 0.0008292712433019553
108, 0.0026731432150255015, 1.6863088604064436e-11, 0.00015099130995965327, 0.0008524285043203095
109, 0.0026715418972809144, 2.7228414584884168e-11, 0.00015239498611048621, 0.0008972225727413594
110, 0.00267067591826674, 2.8802697180611006e-11, 0.00015182365355539048, 0.000987111658408292
111, 0.0026712185918095813, 1.240619923268334e-11, 0.00015143277056526444, 0.0009724868696661688
112, 0.002669703359173836, 9.553283030879254e-12, 0.00015220485999737133, 0.0010860835154933143
113, 0.002668383933180472, 1.2555790691791794e-11, 0.00015276108436323318, 0.0011717245133195328
114, 0.002667179679999387, 1.6578451595075814e-11, 0.00015274199223968028, 0.0012303869500330284
115, 0.002666054397972849, 1.5159759993026192e-11, 0.00015290411494449705, 0.0012821099242435955
116, 0.002664987726940801, 1.7379441225417082e-11, 0.0001529834134580149, 0.0013853450467159944
117, 0.002664848544488364, 1.7348413433229333e-11, 0.00015309353893207554, 0.0013947056675904605
118, 0.0026645864857286, 1.5759547340652327e-11, 0.00015303397914411348, 0.0014674354602011636
119, 0.002664540412012279, 1.4263640794698985e-11, 0.00015299003573576546, 0.0014691603449141291
120, 0.002663325317654902, 2.252971121240646e-11, 0.0001529343737286945, 0.0016342209310084733
121, 0.0026631250688672697, 1.9862705877877146e-11, 0.0001526668790522783, 0.0016973108048083092
122, 0.0026629241966770385, 1.676340622713543e-11, 0.00015227028443968522, 0.0016920870575943658
123, 0.0026620233280086883, 1.8409923205029144e-11, 0.00015205260786029204, 0.0018138396827713248
124, 0.0026608712176424136, 2.4481265733706378e-11, 0.0001518573704483106, 0.001961917494201055
125, 0.002659849166635139, 3.077332470692127e-11, 0.0001519478997034915, 0.0020970834054731386
126, 0.0026594542083715235, 3.039487565333624e-11, 0.00015181167969987005, 0.002156895626318856
127, 0.0026575955179917446, 3.881314880879024e-11, 0.00015156555003723423, 0.0023216611655634835
128, 0.0026550799197672774, 5.2998359454718044e-11, 0.00015159034543650487, 0.0025377102901213092
129, 0.002653783274289375, 6.109319556779979e-11, 0.00015152032196292058, 0.002676714575133205
130, 0.0026527580557770217, 6.268096033597512e-11, 0.00015166045590151264, 0.002795313284735407
131, 0.002649820491407412, 7.452997558909444e-11, 0.00015220757842779317, 0.0030851782014830213
132, 0.002648621385556165, 6.506930694348727e-11, 0.00015278530972727753, 0.003096344486249148
133, 0.0026469811658450804, 6.384471860068803e-11, 0.0001536053378742988, 0.0031529456508384243
134, 0.002646560259616313, 6.563583285754684e-11, 0.00015371171211073112, 0.00318198014845429
135, 0.0026464636104615974, 6.348689486443927e-11, 0.00015390179998393951, 0.0031837659930306853
136, 0.0026452868250622804, 6.959520402175393e-11, 0.00015446742948875872, 0.0033077580376678377
137, 0.002645000430806729, 6.656500385125158e-11, 0.00015475698121058523, 0.003359640484344462
138, 0.002643940608707753, 6.942649231493619e-11, 0.00015533217595053623, 0.003410889187811189
139, 0.0026430529925221048, 7.192886116917849e-11, 0.00015556996836869896, 0.0034380837639944196
140, 0.0026413085264827886, 8.424821735589397e-11, 0.00015581821325410888, 0.0035735448034430067
141, 0.0026409628685260486, 8.244268830431441e-11, 0.00015545505525013024, 0.00364915205050414
142, 0.0026396665036233402, 8.837897687077591e-11, 0.00015547062591174426, 0.0037365406043973182
143, 0.0026383825645325864, 9.685501369448133e-11, 0.00015558828961311925, 0.003798042697625692
144, 0.002637643549687385, 1.000760939146234e-10, 0.00015539357825849445, 0.003857367717403803
145, 0.0026367258768338706, 1.0023556302384869e-10, 0.00015517532815019868, 0.003912917163134509
146, 0.0026366179779817906, 8.763096425298161e-11, 0.0001552040056898053, 0.0038356384502978525
147, 0.002636294143177417, 8.357508095862483e-11, 0.00015545434855438492, 0.0037903467481045536
148, 0.0026396164972107474, 5.1408285060157245e-11, 0.00015594336320795004, 0.003363984299953968
149, 0.002639318210052858, 4.811141500836696e-11, 0.00015632274636729392, 0.0033725727686951547
150, 0.002637411137148787, 6.132059099201654e-11, 0.00015607020535575897, 0.0035821437063303786
151, 0.002637784720877079, 5.493705469451298e-11, 0.0001561451869051056, 0.00352429944869857
152, 0.0026375325299683276, 5.4134825079280555e-11, 0.00015625176067397394, 0.003528008947836379
153, 0.002635765530822284, 5.951343882821729e-11, 0.0001566991322850461, 0.003636356813861686
154, 0.0026341494011782284, 6.5852662629582e-11, 0.0001570504659998649, 0.0037498011133984288
155, 0.0026312464147102226, 8.077228443823579e-11, 0.00015770584737622725, 0.003997128316559248
156, 0.0026311144124610895, 7.892691912540857e-11, 0.00015775018733844026, 0.004017730162165782
157, 0.002630653776168492, 7.977966635469389e-11, 0.0001579229989131426, 0.004041708382047218
158, 0.0026292837774809534, 8.989477122168106e-11, 0.00015816340873401363, 0.004135336403358364
159, 0.002629399292816429, 8.630028783276358e-11, 0.00015833549602742053, 0.004061826855990275
160, 0.0026297306026905275, 8.289932970422351e-11, 0.0001583768045712388, 0.004030135675980623
161, 0.002629328027141115, 8.512256772596535e-11, 0.00015847081363050503, 0.004055786118634025
162, 0.002628721037039231, 8.972207500565024e-11, 0.00015855801247792938, 0.004091409441177489
163, 0.0026282724385694057, 9.290089566848444e-11, 0.00015851618862764889, 0.004121408884153004
164, 0.0026274443959348115, 9.814321980150932e-11, 0.0001585100619751154, 0.004188593490432474
165, 0.002625325253571903, 1.1263868601841603e-10, 0.00015841741139859753, 0.004398144119408904
166, 0.002624777451702951, 1.1693230712105033e-10, 0.00015847464616082778, 0.004427249156079539
167, 0.0026242258717638633, 1.2073707856753445e-10, 0.00015857667238720134, 0.004437806921643063
168, 0.0026234953843821437, 1.2489969250783692e-10, 0.00015870459167524045, 0.004533493226838517
169, 0.002622086388592238, 1.356424140164608e-10, 0.00015883842241742505, 0.004702702590918712
170, 0.002621609849304384, 1.3899128650342197e-10, 0.0001588784549303969, 0.004760852145709547
171, 0.002620286542738694, 1.50306089338349e-10, 0.00015892931178860072, 0.004850535633493374
172, 0.0026198308514038884, 1.539661289382762e-10, 0.00015890525545077816, 0.004861117416785638
173, 0.002619418961878948, 1.5681834832919055e-10, 0.00015880933977953634, 0.004885806291908781
174, 0.002618999932172025, 1.6010376352199535e-10, 0.00015876612563713992, 0.004927118161653301
175, 0.002619100586163645, 1.586843853685695e-10, 0.00015874322123341007, 0.00492478372883424
176, 0.0026189517555939654, 1.591911545879169e-10, 0.00015872553008382224, 0.00495272109780262
177, 0.0026187648509751497, 1.579513343691337e-10, 0.00015870927883790878, 0.0050520033368753
178, 0.0026182036030931045, 1.5599891512618708e-10, 0.00015857965629761058, 0.005313691685668222
179, 0.002617107396119662, 1.5189818883632512e-10, 0.00015827146394191416, 0.005971827311807779
180, 0.0026160135810096136, 1.4916603980370617e-10, 0.00015842320218087947, 0.006475099776998699
181, 0.0026155870665257176, 1.460410071942594e-10, 0.00015814597638522161, 0.00605113330651461
182, 0.0026132224525112495, 1.7019759229758825e-10, 0.0001578780463550747, 0.005664255128915438
183, 0.0026143146634722567, 1.5505394789042664e-10, 0.0001578351079881884, 0.00555449237428974
184, 0.0026137828722118, 1.5287167621671126e-10, 0.00015763148178494124, 0.005632927160986768
185, 0.0026121336710146943, 1.5763907370919417e-10, 0.00015757882951676435, 0.005913265328245732
186, 0.0026065831125803365, 1.8662178872564297e-10, 0.0001569168911918323, 0.006577463504385993
187, 0.0026045245234204346, 1.9212072141783604e-10, 0.00015650947701102607, 0.006789675684136874
188, 0.0026021165397004356, 1.8194339623556883e-10, 0.00015568731432316347, 0.007014234197362419
189, 0.002600441669759845, 1.827503755448868e-10, 0.00015496386782104513, 0.007080542689862047
190, 0.0026000152091820612, 1.7136413416970803e-10, 0.00015430031151959407, 0.007039561097038948
191, 0.002600024520131116, 1.464235168883702e-10, 0.00015357959233220346, 0.006958774219019456
192, 0.002597763489576419, 1.5494145659385061e-10, 0.00015270261406383613, 0.00707237377569609
193, 0.002598213128157828, 1.310267177313127e-10, 0.00015240846938447482, 0.00711795948756389
194, 0.0025969895087595914, 1.373808601743828e-10, 0.0001520225210847595, 0.007165615406446988
195, 0.002596524578613039, 1.3759243084178416e-10, 0.00015184925864114172, 0.007212992852978196
196, 0.0025964861692366163, 1.3480388535968385e-10, 0.0001517844403287696, 0.007154971412096801
197, 0.002595724622250707, 1.3477906342732735e-10, 0.0001514048361761153, 0.007231507608274521
198, 0.002595291342701898, 1.364857896351098e-10, 0.0001512753953231892, 0.007267322139525989
199, 0.002594887757730695, 1.3730257722185448e-10, 0.00015099820265233318, 0.0072832656866895626
200, 0.0025938447886888045, 1.4393650123061784e-10, 0.00015046137919625947, 0.007337278514864067
201, 0.002592666814985459, 1.5256174334526298e-10, 0.00014986277001467963, 0.007408960291032461
202, 0.00259185329059139, 1.58225160382378e-10, 0.00014951442227040338, 0.007463852358109782
203, 0.002590902503110595, 1.6420468875238855e-10, 0.00014917031345121004, 0.007523463579036602
204, 0.002589554377369837, 1.7155924808922457e-10, 0.0001487264971545658, 0.007627076183230899
205, 0.0025890271907093505, 1.7250569479771596e-10, 0.00014859710235000162, 0.007653618245358181
206, 0.0025872593357134242, 1.7961370908802334e-10, 0.00014798843005236833, 0.007794833013516047
207, 0.002586118304927193, 1.8485495114443727e-10, 0.0001476212044575747, 0.007897685985304291
208, 0.0025846685046322622, 1.9065233780296085e-10, 0.00014707407458628262, 0.008039554930962626
209, 0.0025845762457052217, 1.8465341013688743e-10, 0.00014701048021938383, 0.008046738002442894
210, 0.0025839357488853074, 1.8388767021651495e-10, 0.00014704685403236093, 0.008154371624794456
211, 0.0025805565807151313, 2.0330443900265527e-10, 0.00014648104705133544, 0.00869390872945589
212, 0.002579046506254707, 2.0996088908373315e-10, 0.00014629642056380632, 0.008979602363378268
213, 0.0025783424274392675, 2.0752342125174084e-10, 0.00014620985951119603, 0.009111345802280466
214, 0.002573378904493931, 2.3021712888392167e-10, 0.000145519107681451, 0.010619749563624641
215, 0.002571280917662762, 2.2624594257423425e-10, 0.00014549461253037394, 0.010877144286439586
216, 0.0025677791955761005, 2.415840247840847e-10, 0.0001451593434392241, 0.011133549680858144
217, 0.0025641493544865173, 2.563523021945814e-10, 0.0001448261000784959, 0.011341991318816245
218, 0.0025595247117278378, 2.613909689858817e-10, 0.0001444559365970565, 0.011021908577229369
219, 0.0025569329517504116, 2.656548543421367e-10, 0.00014427895361784256, 0.011510995821681483
220, 0.002556505964335398, 2.532180356521349e-10, 0.0001442968207841968, 0.011785881881092902
221, 0.0025535538761918956, 2.619496734648394e-10, 0.00014405573335967467, 0.012395602154106329
222, 0.0025507788451797383, 2.7976145373283183e-10, 0.00014383848616470105, 0.012582773448345814
223, 0.002549279226352403, 2.8626185588254086e-10, 0.00014372796801328974, 0.012722806094487634
224, 0.0025457291861694657, 3.0854949323310753e-10, 0.0001435522763652078, 0.013003411204007153
225, 0.0025403029534347447, 3.584279758559883e-10, 0.00014337559360015569, 0.01323047912708725
226, 0.0025382438733111525, 3.665373958248592e-10, 0.00014327620149267393, 0.013489165309918897
227, 0.002538740968012312, 3.581749531884909e-10, 0.00014325501812766187, 0.013508282172698468
228, 0.0025382444342582577, 3.6156837635478445e-10, 0.00014324693726181843, 0.013542526021910813
229, 0.002537852810544282, 3.6490456457034416e-10, 0.0001432291029358989, 0.013574074462731052
230, 0.0025375633481523733, 3.663511655161053e-10, 0.00014322323659020462, 0.013617202991016614
231, 0.0025349050991682227, 3.8457246322485765e-10, 0.00014314119227861672, 0.013959453156123599
232, 0.0025324659636512593, 3.966821628187244e-10, 0.00014306944449631333, 0.01427962192286948
233, 0.002528576022554764, 4.225386993196543e-10, 0.00014296643528983696, 0.01477046169178007
234, 0.0025203352954959635, 4.800682022275952e-10, 0.00014283087050247025, 0.015692382636001753
235, 0.0025220335699958477, 4.3506440596277963e-10, 0.00014287133271590196, 0.015412923858125632
236, 0.0025206305212684965, 4.0498470315040197e-10, 0.00014285252975130796, 0.015758952213499457
237, 0.002518512044824049, 3.967463628500372e-10, 0.0001428356013258073, 0.01618830815188567
238, 0.0025168247675522643, 3.7806122555588224e-10, 0.00014284133258546706, 0.016580487574460887
239, 0.0025198250352487803, 3.272572921942498e-10, 0.00014290970465741012, 0.0159203730130388
240, 0.0025199961724055413, 3.211636551539161e-10, 0.00014293915209108096, 0.015667683161935012
241, 0.002520335752614509, 3.1716846956888464e-10, 0.00014294984809130334, 0.015587014929446327
242, 0.0025208049907598, 3.0709706797587884e-10, 0.0001429697071649451, 0.015659780470958694
243, 0.0025191066995674727, 3.2058014103502613e-10, 0.0001429367047429453, 0.015799045740503746
244, 0.002519301840893939, 3.1555576490209144e-10, 0.00014294243582317246, 0.01580752686603007
245, 0.002519032381602306, 3.1063944867887164e-10, 0.000142952767606081, 0.016025151550668318
246, 0.0025186675838281413, 3.0870256552638107e-10, 0.00014295862206903498, 0.016255810582035263
247, 0.0025182501112895306, 3.0472679830885726e-10, 0.00014297209499333, 0.016701827372487293
248, 0.0025180567641771884, 2.989231112656169e-10, 0.00014298188909704287, 0.01718954261572105
249, 0.0025178443574885466, 2.9397899169641995e-10, 0.00014299649280760204, 0.017692958300980235
250, 0.0025174116343917286, 2.9080834787358427e-10, 0.00014300698278571874, 0.018268381631092553
251, 0.002517099927663227, 2.8627827670987713e-10, 0.0001430153128263754, 0.018732017734453044
252, 0.0025162194780108203, 2.7751584981803677e-10, 0.00014302904563522843, 0.019736329557171518
253, 0.002514119313498714, 2.715403761799692e-10, 0.0001430491032184947, 0.020923975792438893
254, 0.002510718525461344, 2.8428739347484e-10, 0.00014306844156384196, 0.020924361559666378
255, 0.0025095989636296613, 2.756425992935368e-10, 0.00014310662074717246, 0.021702529662969757
256, 0.0025097284397901216, 2.4583913330207606e-10, 0.00014321206037859496, 0.02061582216162572
257, 0.0025002692227426232, 2.947974361833006e-10, 0.0001432266175914998, 0.019186840592351734
258, 0.0025028276698662705, 2.4507268506235e-10, 0.00014331438005018633, 0.018296943781907007
259, 0.0025027222176348288, 2.343899516071308e-10, 0.0001433849493729625, 0.0182763490174753
260, 0.0024994921830178347, 2.447264202497217e-10, 0.00014346703987216716, 0.019145170017677942
261, 0.0024983011241458885, 2.4804535672178676e-10, 0.00014345642823263626, 0.019325005850507438
262, 0.002496279090656346, 2.544363401929949e-10, 0.0001434649230611856, 0.02008716399252412
263, 0.0024939312340124665, 2.619652897770102e-10, 0.00014351711376433008, 0.020942796919777826
264, 0.0024920454742488247, 2.725235462081613e-10, 0.0001434927735035086, 0.02121989765371047
265, 0.0024875035512872054, 3.002473217200845e-10, 0.0001434579770470983, 0.022365645128639682
266, 0.002487615150723349, 2.9941351544032494e-10, 0.0001434659707787377, 0.021944588034809382
267, 0.002486856039517677, 2.9933800809404745e-10, 0.00014351960634858405, 0.022106710823484976
268, 0.002486489354885758, 2.967107129130846e-10, 0.00014366668631242324, 0.021866504138043353
269, 0.0024875120692745244, 2.8443251145416153e-10, 0.00014370259165212858, 0.0213439466620791
270, 0.0024876153905526066, 2.8096730608679296e-10, 0.00014381899239650396, 0.020850679584708525
271, 0.002487204973894165, 2.799108479411728e-10, 0.00014397088037217608, 0.02083601244325416
272, 0.0024866761130916356, 2.778506054602475e-10, 0.00014420607629252313, 0.020713858811560404
273, 0.00248816061943239, 2.600353431833984e-10, 0.00014434872563301145, 0.020455648052635816
274, 0.002489443036895214, 2.4418031576739415e-10, 0.00014440446885312058, 0.020299663683438433
275, 0.00249130735963169, 2.2273228872798415e-10, 0.000144638226898659, 0.019944889436235624
276, 0.0024910275108693696, 2.2158616157550552e-10, 0.00014468878652709272, 0.020080437588162598
277, 0.002492056362798142, 2.075769754596237e-10, 0.00014472773350522052, 0.02006827898119804
278, 0.0024932057799301895, 1.9018599717524563e-10, 0.0001449914374520162, 0.02015303002112209
279, 0.002492167713352906, 1.8894285819500243e-10, 0.00014513500169436444, 0.020763974758349478
280, 0.0024916987151964963, 1.8512657848895314e-10, 0.00014528954778765828, 0.021132146764628414
281, 0.0024887217388957624, 2.0583986410600333e-10, 0.00014548369622646037, 0.02170547451992118
282, 0.0024886687291022416, 2.0654955190684398e-10, 0.00014549398886901088, 0.021636924664887647
283, 0.002489003825015261, 2.009049458205132e-10, 0.00014561676721731303, 0.02166160588866046
284, 0.0024886805942729955, 2.0107634717881606e-10, 0.00014582000380907557, 0.021857337691552493
285, 0.0024888622977477398, 1.9921854785016786e-10, 0.00014571985893364485, 0.021735760859419986
286, 0.0024886468691659716, 2.0001920844606617e-10, 0.00014578778809042157, 0.021790343890256334
287, 0.002488425606276432, 1.9999811636188643e-10, 0.00014600446899720872, 0.02185621540739706
288, 0.0024885223027540744, 1.981915699443027e-10, 0.00014611791777056424, 0.021777891884682075
289, 0.002488379349694907, 1.9810254264841778e-10, 0.00014630906780779262, 0.02165993015351411
290, 0.00248817527738198, 1.982207902645387e-10, 0.00014652443685622384, 0.02153686286181549
291, 0.002487661640249072, 2.0183281853711324e-10, 0.0001467788870999713, 0.021182469933824343
292, 0.002486828190001494, 2.0654361379449204e-10, 0.00014708951507770167, 0.021142885111919137
293, 0.0024849014550735317, 2.1480656310947251e-10, 0.00014716176869383911, 0.02134544861660631
294, 0.002482260119069145, 2.2488292135587293e-10, 0.0001471447292661256, 0.021778683050494248
295, 0.0024804958045127065, 2.1936879354549176e-10, 0.00014710395078537195, 0.022166692220379466
296, 0.0024803213320546825, 2.0144060566188928e-10, 0.0001471485890155387, 0.02223176744672468
297, 0.0024800040157839033, 1.869171130610271e-10, 0.00014694509757497086, 0.022405970823585832
298, 0.002477870227304032, 1.8899341939438922e-10, 0.00014693927799446898, 0.022767802761591734
299, 0.002476540116524547, 1.9522463044316253e-10, 0.0001468926056760082, 0.02294641443843233
300, 0.0024744831583086643, 2.0797639904865503e-10, 0.00014694319534306761, 0.023257078767252908
301, 0.002475320589501585, 1.9494101751746583e-10, 0.00014689609922339609, 0.02308822726925383
302, 0.0024746803641617064, 1.9623349515374642e-10, 0.00014686443452087742, 0.023156344579605918
303, 0.0024735073951808475, 2.006968731429423e-10, 0.00014685027053719667, 0.02341875258156868
304, 0.0024716614681701047, 2.0703436107935744e-10, 0.00014681780648437325, 0.023881951299857825
305, 0.0024690818134158973, 2.1602254789163026e-10, 0.0001467442514670544, 0.02446909113622193
306, 0.0024665437255766047, 2.2424708633957159e-10, 0.0001466292446901692, 0.024678291104032003
307, 0.0024639986919784847, 2.3847809859615906e-10, 0.0001464932437782195, 0.024979904890052952
308, 0.0024610871584243776, 2.5492689333505463e-10, 0.00014624584124004383, 0.0250991136971939
309, 0.0024581900484408233, 2.716646643452846e-10, 0.00014601262663629214, 0.025518732227176336
310, 0.002458698246310914, 2.598861579953404e-10, 0.000146012394077395, 0.025470137344371264
311, 0.0024574135196002503, 2.634297247819381e-10, 0.00014586766736981535, 0.025889418308505253
312, 0.0024561751673503177, 2.654936235976601e-10, 0.00014586723046201586, 0.026082546279851862
313, 0.002453529080987275, 2.824556218680218e-10, 0.00014578321146876567, 0.02659986456901412
314, 0.002451815971720552, 2.905920428859796e-10, 0.00014580722571107824, 0.02717034326410364
315, 0.002449067209209495, 3.073058431689195e-10, 0.00014578069456487952, 0.02782701409874472
316, 0.00244416311100009, 3.3686544832391613e-10, 0.00014584190823652902, 0.02900727678291276
317, 0.0024393811536228623, 3.7229007422034803e-10, 0.00014586930673544048, 0.030074751209601586
318, 0.002440398867242598, 3.5916449812964074e-10, 0.00014597846580075987, 0.029767203185799902
319, 0.0024404094579758965, 3.596859900031565e-10, 0.0001459210953954644, 0.029635578160554173
320, 0.0024391782035695746, 3.66905376992762e-10, 0.0001458816992778133, 0.02984888676613894
321, 0.0024379773253821154, 3.754166012306099e-10, 0.00014586207204579467, 0.029960725714335088
322, 0.0024371788442154835, 3.8086278409768307e-10, 0.00014584941241663793, 0.029929521511591894
323, 0.0024350475024582027, 3.960228847171219e-10, 0.00014586580326741917, 0.030267468617428146
324, 0.00243641853929166, 3.8533647717250804e-10, 0.00014579778643424707, 0.02978808850917115
325, 0.002435721685770316, 3.851289025908941e-10, 0.0001458831316798878, 0.03004111684718036
326, 0.0024344199126164687, 3.920553590461466e-10, 0.0001458748035268657, 0.03031263652616462
327, 0.00243435742133972, 3.899171180538459e-10, 0.00014587052661589817, 0.0302315401713419
328, 0.0024332947097328215, 3.9531911149211585e-10, 0.00014590167254502419, 0.030375823493132965
329, 0.0024337216508678963, 3.874357441128562e-10, 0.00014596105146112684, 0.03022163428589835
330, 0.0024324143367277745, 3.9419543837341694e-10, 0.00014606339653194746, 0.030392257656543197
331, 0.0024326697875162485, 3.8833906739409385e-10, 0.00014612330548932588, 0.030270385014982738
332, 0.0024312315954080647, 3.9815962894319876e-10, 0.00014615613027246468, 0.03049310357855155
333, 0.0024295654830175884, 4.1037648944541677e-10, 0.0001461604097823499, 0.03079404100844527
334, 0.0024273248219245976, 4.260233924134195e-10, 0.00014622147912217966, 0.031395998528281475
335, 0.0024257185640931024, 4.3664522577165846e-10, 0.00014620648222896698, 0.03168241635024004
336, 0.0024248351823312037, 4.427237564340392e-10, 0.00014621186829798005, 0.03181681977205937
337, 0.0024238288491300955, 4.4586267554657874e-10, 0.00014623045867413856, 0.032223670966837314
338, 0.002423120265362811, 4.476842854816949e-10, 0.00014628198362678775, 0.032505870140622214
339, 0.002422366862767163, 4.5081674431925137e-10, 0.00014628153967184064, 0.032728554940753475
340, 0.0024217586661087146, 4.5402724861698187e-10, 0.00014630511207568145, 0.032761133429470145
341, 0.002419727981810792, 4.686122516620067e-10, 0.00014631907823440716, 0.032908985470199964
342, 0.002416732721965262, 4.911255397230426e-10, 0.0001463739426476568, 0.03338951081548339
343, 0.002415796825623653, 4.976138151570374e-10, 0.00014637829071315213, 0.03345648954194768
344, 0.0024142553314518206, 5.073008604815998e-10, 0.00014642223672528182, 0.0337748305451934
345, 0.0024105702635697393, 5.322958632724157e-10, 0.00014647372530059413, 0.03467172740583689
346, 0.0024102411275899183, 5.323878101684585e-10, 0.00014650486286071944, 0.03483492642931886
347, 0.0024081509699072187, 5.466658663605129e-10, 0.00014660027993265606, 0.035259089283167004
348, 0.0024061513598658815, 5.595510972763454e-10, 0.00014662697526630794, 0.035657685185194264
349, 0.0024014292351903586, 5.926615922477435e-10, 0.00014675047518707837, 0.03652554800234718
350, 0.002398537967430902, 6.107334801719597e-10, 0.00014693370289485506, 0.03678753708968757
351, 0.0023962729110100036, 6.250680116376424e-10, 0.00014702058249174842, 0.037248436967500846
352, 0.002391848741894621, 6.487636938460974e-10, 0.00014710549292620598, 0.0385774186432828
353, 0.00239364308713105, 6.289262487183173e-10, 0.00014705236559333263, 0.03816219252819205
354, 0.0023939332729480587, 6.155892946590182e-10, 0.000147173212852365, 0.03770024238315236
355, 0.0023906411282576716, 6.206876258396122e-10, 0.00014749561961017164, 0.038276707487670904
356, 0.0023877853807437394, 6.240815477081227e-10, 0.00014771911411551208, 0.039034190274103445
357, 0.0023846267433974624, 6.009186227791945e-10, 0.00014813340458757723, 0.04024307111011526
358, 0.0023815125154820556, 6.197867254400421e-10, 0.00014825526152622743, 0.03890790746906326
359, 0.0023828815353464836, 5.688835793236581e-10, 0.00014814391351571877, 0.037859971797356055
360, 0.002379475392864451, 5.449546882276984e-10, 0.00014843522833288977, 0.037605508722306336
361, 0.0023741813314859957, 5.501918045725183e-10, 0.00014884789973110664, 0.038435712455718425
362, 0.0023724094938935266, 5.096461675102623e-10, 0.00014899694614731564, 0.04103458110024813
363, 0.002370541855748465, 4.759903480159493e-10, 0.00014895496821475818, 0.041165438517707875
364, 0.00236971850476716, 4.7213652482043e-10, 0.00014914636450750552, 0.0411272275666617
365, 0.0023634883896371996, 4.928339942729209e-10, 0.00014958918853529907, 0.0432480514949486
366, 0.00236327763177418, 4.807881488056182e-10, 0.00014960694733675276, 0.04323347101796879
367, 0.00236292486348471, 4.713893763412242e-10, 0.0001496038954889421, 0.04337426025412221
368, 0.002362241950444659, 4.688449792334375e-10, 0.00014988616074547247, 0.04255217281791478
369, 0.002359089563173872, 4.802042455502843e-10, 0.0001501534183685513, 0.043064247158908955
370, 0.0023538826570155035, 5.143182392073205e-10, 0.00015069461955218266, 0.042692114111543646
371, 0.002353327690628725, 5.068090977716814e-10, 0.00015125369584588307, 0.04184400653598316
372, 0.0023529725100420837, 5.002079084635653e-10, 0.00015169582423466476, 0.04147161133009058
373, 0.002352552308291328, 5.02124408480807e-10, 0.0001523791628826359, 0.041164580314513755
374, 0.0023527785330087663, 4.913196636607627e-10, 0.00015230721720672861, 0.0411585562006006
375, 0.002352750119973307, 4.837269835030695e-10, 0.00015261289475477434, 0.04092626319984737
376, 0.0023531130433978135, 4.5250965975111894e-10, 0.00015409207173131605, 0.03998210439767584
377, 0.002351936355341032, 4.4604522027283103e-10, 0.0001554760714797961, 0.039737246207205604
378, 0.0023523362631320426, 4.276726216633036e-10, 0.00015549741430080744, 0.03984447884935241
379, 0.0023518219407081095, 4.279710700524428e-10, 0.00015571325533909094, 0.039926746639617205
380, 0.0023540035952508863, 4.0386708977272275e-10, 0.00015624513869262632, 0.039250995118343984
381, 0.0023538489712390657, 4.00029944291616e-10, 0.00015674288867023505, 0.038930260404862346
382, 0.0023534225431037564, 3.9531030409158127e-10, 0.00015785455428355075, 0.03849067411597068
383, 0.002353538827700176, 3.925787165014202e-10, 0.0001582709149328963, 0.03831748825699804
384, 0.002353267612708222, 3.9019383372055533e-10, 0.00015839891108872898, 0.03832596013778401
385, 0.0023516070722849848, 3.9707074169329997e-10, 0.00015910426250630586, 0.03850915055598053
386, 0.0023491365737687044, 4.0949828960555413e-10, 0.00016018773812024966, 0.03879567244537445
387, 0.0023467685877290464, 4.251227312966294e-10, 0.00016121501890543351, 0.03908171594865738
388, 0.002343524508902855, 4.426651374782708e-10, 0.00016204499471945052, 0.0397705524869977
389, 0.0023429931516692946, 4.4511886202180023e-10, 0.00016249891109762382, 0.03980167658043151
390, 0.00234158568144604, 4.5805389165008165e-10, 0.0001632464444287373, 0.0396317244875149
391, 0.00234183093036777, 4.553597004910749e-10, 0.0001630625555932736, 0.03948325714170716
392, 0.002340438958621815, 4.6358634365220566e-10, 0.00016365005380386492, 0.03961923031390999
393, 0.0023393676268782014, 4.713175490055709e-10, 0.0001642924983858673, 0.03962765594098168
394, 0.0023389793667133443, 4.702661826830831e-10, 0.00016461557448490556, 0.03962278149968117
395, 0.002339603181817104, 4.601856481068007e-10, 0.00016481702449575592, 0.0393791668527549
396, 0.00233828860204462, 4.728341161323937e-10, 0.00016617220388444591, 0.03906279318293649
397, 0.0023394493452341437, 4.562432711805393e-10, 0.00016615236811159232, 0.038822705749372646
398, 0.0023401454079881117, 4.478922794652303e-10, 0.00016575637538957696, 0.0388328659529864
399, 0.0023398162484022144, 4.4803461417360747e-10, 0.00016636961312090898, 0.03871450255241339
400, 0.002339852481265332, 4.470032301471824e-10, 0.00016746198330138074, 0.03833358519891887
401, 0.0023406579212832544, 4.3523051953315694e-10, 0.00016747724263476728, 0.03815268397147152
402, 0.0023418634675758604, 4.201770532016502e-10, 0.00016814575189356761, 0.03772638595163147
403, 0.00234284072288996, 4.0698591358947674e-10, 0.00016867303443774664, 0.03739919143409928
404, 0.002344619581336444, 3.8493297342822945e-10, 0.0001702858693394828, 0.036582672329131184
405, 0.0023455937212353314, 3.5689795252607393e-10, 0.00017053336705563095, 0.036225867575248274
406, 0.0023460226552859706, 3.46514542256704e-10, 0.00017122540996426946, 0.03592982912260157
407, 0.0023460230223340157, 3.3430122542376747e-10, 0.00017193607831823048, 0.03576022924615457
408, 0.002345880886327122, 3.244063320603317e-10, 0.00017233872757890195, 0.035803093082456675
409, 0.0023471504823524463, 3.082681516141509e-10, 0.00017265430786380124, 0.035559336043857595
410, 0.0023478044403598946, 2.9998447685535997e-10, 0.00017270606872569596, 0.03541063144083429
411, 0.0023486386053129175, 2.911968696393917e-10, 0.0001731908647233966, 0.03504097519350518
412, 0.0023487503529075397, 2.8451650423800955e-10, 0.00017347962596472242, 0.03502079200715282
413, 0.002350276117694813, 2.6624207665812975e-10, 0.0001741917252742296, 0.034442615327518605
414, 0.002351606127833986, 2.537241611763465e-10, 0.00017447181315353446, 0.033777511203847685
415, 0.0023527808001003033, 2.4272473153814565e-10, 0.00017488924534982838, 0.03335713924946962
416, 0.0023547563333352266, 2.2568092898548123e-10, 0.00017527062406087746, 0.03278977869957573
417, 0.0023549527925658975, 2.1975446558639772e-10, 0.00017518582078364646, 0.03276658277651001
418, 0.0023566005356293438, 2.0492605114678598e-10, 0.00017547990700818276, 0.032296805816289145
419, 0.002356906049103759, 1.9972569979703073e-10, 0.00017546060552790118, 0.03223836276572484
420, 0.0023568276059374588, 1.975226020715181e-10, 0.00017572476329864306, 0.032336700111619175
421, 0.0023568360827829187, 1.945388288012946e-10, 0.00017626081557813007, 0.03241961026392819
422, 0.0023561026981930647, 1.9756659739547783e-10, 0.00017654961972080586, 0.03272187695462455
423, 0.0023564447366754174, 1.9395137053882578e-10, 0.00017703679383187363, 0.03255801285564745
424, 0.0023573675888988723, 1.8659170939282393e-10, 0.00017792129461610792, 0.032064885782676716
425, 0.002357693345184547, 1.8606267866167163e-10, 0.00017823470503640007, 0.03170298425673251
426, 0.0023581783046684834, 1.8129560684810068e-10, 0.00017874374421854427, 0.031473981553446655
427, 0.0023581755910257922, 1.8042902431580142e-10, 0.00017890851499173047, 0.03145651881224205
428, 0.002358521711071164, 1.7821837234250413e-10, 0.0001796585545155478, 0.03110924931875322
429, 0.0023586150468559446, 1.7716160426574726e-10, 0.00018008479469684523, 0.030973653429841215
430, 0.0023587123668509097, 1.7692555700613628e-10, 0.00018080025646056056, 0.030770672733871282
431, 0.002358103422870482, 1.8439939420675558e-10, 0.00018307407920879588, 0.030273353255387235
432, 0.002357770830551087, 1.8515145491916374e-10, 0.0001828625647413583, 0.0303819353867179
433, 0.002357581413338732, 1.8707486303148456e-10, 0.0001837428043191895, 0.03023060473602712
434, 0.002356938545471845, 1.90134894015581e-10, 0.00018429627085994225, 0.03029489073967952
435, 0.0023567559491749447, 1.908020130913003e-10, 0.00018424807137769263, 0.03029738853886627
436, 0.0023563966804551607, 1.932912226937855e-10, 0.00018505195438148382, 0.030139144238246887
437, 0.0023547639738944284, 2.1049220706873235e-10, 0.00018751975227072228, 0.029809501548421203
438, 0.002354680396407573, 2.0824627528807938e-10, 0.00018726424860180855, 0.029883253202432975
439, 0.0023545521748482958, 2.0781544754138733e-10, 0.00018681792419553207, 0.029915436664582545
440, 0.0023539732440023466, 2.1094994142207365e-10, 0.00018767165828392128, 0.02979076646088823
441, 0.002353140654507946, 2.1791183937660402e-10, 0.0001885324042881479, 0.029733041904718767
442, 0.00235178367996406, 2.2744560953979076e-10, 0.00018951479705896741, 0.02975300020052315
443, 0.002350478578198092, 2.3427627824819024e-10, 0.00018989333484517557, 0.029752733784893796
444, 0.0023472835704737263, 2.5524536087375717e-10, 0.00019062121540974893, 0.029852601314651388
445, 0.0023463742854929535, 2.5989424973447464e-10, 0.00019031597779670725, 0.029982686186208155
446, 0.002345025829759983, 2.703622258566012e-10, 0.00019069571497366705, 0.030021204635744796
447, 0.002344601900341763, 2.735751009607968e-10, 0.00019080605481400936, 0.03002846661534592
448, 0.002343980403843392, 2.7785496233477823e-10, 0.00019072891426187222, 0.03010351467524669
449, 0.002344035419902565, 2.753809458665628e-10, 0.00019042880226544253, 0.030116810922519246
450, 0.0023441121313464426, 2.7179390630065577e-10, 0.00019003760133564496, 0.030142302207702705
451, 0.002344907872840887, 2.5952595811966314e-10, 0.0001891280834342393, 0.03010866918105054
452, 0.002344655950768674, 2.5745349801800593e-10, 0.00018857133881120937, 0.030277374599977928
453, 0.002344603989694189, 2.532036958988385e-10, 0.00018766476418338425, 0.030408750712831396
454, 0.002343678161132879, 2.5895458944749324e-10, 0.00018749733590836632, 0.030606946102636392
455, 0.002343163025628719, 2.607940616477342e-10, 0.000187185792154811, 0.03084924044867326
456, 0.0023426224694828306, 2.6325581115303593e-10, 0.0001870360451573755, 0.031041859842367674
457, 0.0023424724686416957, 2.620732265703744e-10, 0.00018669121089557228, 0.031185152486471995
458, 0.0023416026281643004, 2.682375990737879e-10, 0.000186252427283595, 0.03135098229046338
459, 0.0023417132234263872, 2.666025175153196e-10, 0.0001862856791340767, 0.03127000187337014
460, 0.0023415553404901937, 2.6482225903080944e-10, 0.0001857314128298149, 0.03137249131869282
461, 0.002340265409033242, 2.715388022374266e-10, 0.00018522957191856624, 0.03164973335807773
462, 0.002338750640790283, 2.794694391593876e-10, 0.00018500472208846528, 0.03198040912853608
463, 0.002335799682173927, 2.977631947259386e-10, 0.0001844043364570339, 0.03268497471602359
464, 0.0023343787038425995, 3.0727637388815876e-10, 0.00018461544956944066, 0.03288649865139155
465, 0.0023327652921983104, 3.162882740383897e-10, 0.0001845452147745315, 0.03314082065486967
466, 0.00232852987049019, 3.438267360481201e-10, 0.00018398649327936928, 0.03396955121413415
467, 0.002326792214201116, 3.5574931760839147e-10, 0.00018353569301884627, 0.03418460612757788
468, 0.0023255623300311567, 3.5839697859723363e-10, 0.00018362532324516165, 0.03441671283980014
469, 0.0023237308470969455, 3.7078233285958434e-10, 0.00018315010617012267, 0.03476107520632405
470, 0.002324218945268604, 3.677756906728238e-10, 0.00018324038340004531, 0.0345288467187624
471, 0.0023241436091454132, 3.652408450713188e-10, 0.00018335847102158507, 0.034543225728047695
472, 0.0023236763289288904, 3.6752287236031775e-10, 0.00018335779161099603, 0.03461876690597122
473, 0.0023244306340499377, 3.5843133528966203e-10, 0.000183449570009818, 0.03453274283667494
474, 0.00232604652629075, 3.3946115693871445e-10, 0.0001834144893101745, 0.03447010411067894
475, 0.0023261607600403795, 3.36308169402856e-10, 0.00018311207976557195, 0.03447838031193715
476, 0.0023274069838146974, 3.235000155174248e-10, 0.00018268442419531593, 0.03430094228057606
477, 0.0023267101007675107, 3.273467867583492e-10, 0.0001822882354222823, 0.03447279099438708
478, 0.0023263464231856952, 3.265658266997525e-10, 0.00018194154712812387, 0.0346585625739259
479, 0.002323069764008397, 3.4308104550892253e-10, 0.00018064256667672528, 0.035742436837602955
480, 0.002323228673581223, 3.3525499475209307e-10, 0.00018041123825493307, 0.03583864056405148
481, 0.002323559702218031, 3.2908364257571273e-10, 0.00018059183014190503, 0.03575919976070274
482, 0.0023207814951452495, 3.455330408208045e-10, 0.0001802517762504682, 0.036382558753755796
483, 0.002318598116248506, 3.5847560379826115e-10, 0.00017982686833361303, 0.03697784894880441
484, 0.002318672627469678, 3.546959121594992e-10, 0.00017998972985864382, 0.03691965502072895
485, 0.002318267646446315, 3.489307675977179e-10, 0.00017943801191938543, 0.0371537954913052
486, 0.002317621416246083, 3.4889949808169283e-10, 0.00017886734196039287, 0.03743038164041608
487, 0.002318440331310669, 3.3740350259310293e-10, 0.00017838518228123585, 0.03742204018496246
488, 0.0023177069574386627, 3.3992265236237424e-10, 0.00017799201399601536, 0.03769521498950737
489, 0.0023171365964024687, 3.3982293377001104e-10, 0.00017765014222989668, 0.03798106378925628
490, 0.002316748398913225, 3.382002723126354e-10, 0.00017754259535861087, 0.03811497514546115
491, 0.0023155750505960988, 3.4471766178483795e-10, 0.0001772144214403775, 0.03846715293850897
492, 0.0023150985227814933, 3.45759134203229e-10, 0.00017733876111692838, 0.038689995239074196
493, 0.002315472372377231, 3.3988703334364494e-10, 0.00017716154563505743, 0.03865178495614381
494, 0.0023156686068487257, 3.368686196054751e-10, 0.0001769857943642477, 0.038674990597245565
495, 0.0023153473333733634, 3.373284376760422e-10, 0.00017677485733388765, 0.038886728185001426
496, 0.00231521165132405, 3.379597885849895e-10, 0.00017686557339225182, 0.03888945123045234
497, 0.002314941455632486, 3.3924280605447976e-10, 0.0001768160285010118, 0.03897236045361348
498, 0.002314149650986491, 3.4403158232353086e-10, 0.00017663907981555353, 0.039209151906209765
499, 0.0023140266419886, 3.4373869612565935e-10, 0.00017649569877380516, 0.03928729661206633
500, 0.00231313353613491, 3.47389779052807e-10, 0.00017598558501158256, 0.03972725581144064
501, 0.0023124593426861423, 3.5151533901237537e-10, 0.0001758927847409669, 0.03985586808035143
502, 0.00231120746016468, 3.5943173173401486e-10, 0.00017567187666004866, 0.040177354276266355
503, 0.0023090395939602314, 3.7319345278920287e-10, 0.00017530793391624052, 0.040781529544260904
504, 0.0023067748342053924, 3.87609828373694e-10, 0.00017509263137960014, 0.041345723743150146
505, 0.002305191518296289, 3.95252931991895e-10, 0.00017452670862046655, 0.04205722914002608
506, 0.002305276192810508, 3.9211266518312583e-10, 0.00017442695293767683, 0.042218793724959305
507, 0.002305166524912764, 3.9176473759415746e-10, 0.00017436203104170464, 0.0423335538483079
508, 0.0023046963496337744, 3.940566542909883e-10, 0.00017420972233164492, 0.04253949840491179
509, 0.0023038866768748316, 3.998102200896825e-10, 0.00017406954466980804, 0.04273365239867738
510, 0.0023021076404315223, 4.1327287710154447e-10, 0.0001737496478759993, 0.04307721418185036
511, 0.0023010257320493295, 4.2042184928538885e-10, 0.0001732792737164334, 0.04335438542164443
512, 0.002299536480688215, 4.2921353530153726e-10, 0.00017267892991166197, 0.04389248731657583
513, 0.0022997022960244222, 4.274368592305564e-10, 0.00017254624521382617, 0.043812125919008946
514, 0.002300008954282009, 4.244765599302535e-10, 0.00017249813846859145, 0.04374787765170823
515, 0.0023001353468766646, 4.222499030352041e-10, 0.00017216973380445382, 0.043785934055790454
516, 0.0023010292923736726, 4.1488078423689724e-10, 0.00017229411545105077, 0.04352845669032366
517, 0.0023030721237954138, 4.0110065178592657e-10, 0.00017244772454089096, 0.04276868374404417
518, 0.00230182884572347, 4.1023382345495345e-10, 0.00017207172510203472, 0.04298968687235458
519, 0.0023020694500053393, 4.077469428458314e-10, 0.00017193530484764332, 0.04291253705193578
520, 0.0023030776424717465, 3.9799205564603736e-10, 0.00017146937384025684, 0.042640046936465496
521, 0.0023034564871410846, 3.9111707860891295e-10, 0.0001701634183356324, 0.04265313680364108
522, 0.002303365167639452, 3.89176300559625e-10, 0.00016948519268878928, 0.042797760052068146
523, 0.002303215636584307, 3.8835440863347463e-10, 0.00016901696308610758, 0.04287849573616664
524, 0.0023040030894168058, 3.7925906430961615e-10, 0.00016840782319159275, 0.04276060133655438
525, 0.002304844925417922, 3.6742282957338646e-10, 0.00016755396903126707, 0.04276526011729936
526, 0.002304880689387938, 3.62866553948381e-10, 0.00016686612255663162, 0.04285454736698267
527, 0.002306050785204558, 3.454210828725476e-10, 0.00016541797421273206, 0.04294671086073481
528, 0.002306244702658094, 3.4253953045649825e-10, 0.00016536933908199513, 0.04292694579441979
529, 0.0023062568252296325, 3.423893096500274e-10, 0.00016564599312271494, 0.042851773504106384
530, 0.0023064869803128473, 3.3973909279518493e-10, 0.00016552085929445864, 0.04276937846491894
531, 0.002306676796809986, 3.3842939643714115e-10, 0.00016547061870031844, 0.04265052813872669
532, 0.0023065365533953596, 3.386920879058213e-10, 0.00016572917283657064, 0.04268970387158235
533, 0.002306270611218005, 3.405475824272543e-10, 0.00016590485305858197, 0.042734927918659134
534, 0.0023056253047261882, 3.460438867154147e-10, 0.00016604381797595045, 0.04280106767834941
535, 0.0023054407853893445, 3.4610575670112125e-10, 0.00016613859558018147, 0.042871585032662425
536, 0.0023048403317538655, 3.468356265786313e-10, 0.00016606345558337808, 0.04311572091110434
537, 0.002303069920268491, 3.5088171865942544e-10, 0.00016553008495243197, 0.043815648446759774
538, 0.0023026726564423323, 3.5181021108305674e-10, 0.00016521224154289894, 0.04399493315900866
539, 0.0023017580192626215, 3.5594365151588363e-10, 0.00016516500635206072, 0.044271367594675974
540, 0.0022999330210390265, 3.670760326387793e-10, 0.0001651102648020999, 0.0447586908117417
541, 0.0022985960366377935, 3.7095446617743575e-10, 0.00016498236260087756, 0.045192745785034315
542, 0.0022993492296962373, 3.60941546087846e-10, 0.00016441005158246013, 0.04497841416556412
543, 0.0022994171354592534, 3.5859860731397647e-10, 0.0001645030881630142, 0.044829636182809
544, 0.0022965696854961646, 3.696680672689191e-10, 0.00016400389836111965, 0.045578683997566434
545, 0.0022952298626853877, 3.7268241981732406e-10, 0.0001628845140313809, 0.045978896666479994
546, 0.0022949653063267846, 3.6926542157631226e-10, 0.00016240908195806045, 0.045956426708306235
547, 0.0022940199557841823, 3.732907069905073e-10, 0.0001623179592221478, 0.046130232107495346
548, 0.0022920252556865744, 3.822531733488248e-10, 0.00016177590813521984, 0.04646986380151007
549, 0.0022884655675261285, 4.067638826939379e-10, 0.00016081256044697868, 0.047014961908062994
550, 0.002287122452496643, 4.1452813542506623e-10, 0.00016113788612619393, 0.047206713790064525
551, 0.0022874974806684246, 4.0733051088489443e-10, 0.00016102341837419176, 0.04718049762480266
552, 0.002286723617615585, 4.110299955520305e-10, 0.0001607471838413567, 0.04739527026924075
553, 0.002285640796060863, 4.1567333501923954e-10, 0.00016063680919989532, 0.047688458404174044
554, 0.0022838700580674817, 4.2209655785547553e-10, 0.00016052882833618716, 0.04824921951027524
555, 0.0022818894861240274, 4.2810747841153335e-10, 0.0001602897025508725, 0.04897483909353294
556, 0.002281838371369955, 4.2173696608740337e-10, 0.0001604705958692354, 0.049240657324818596
557, 0.0022809859564889654, 4.1967629833957694e-10, 0.00016045770331486918, 0.04965656439559756
558, 0.0022809074017317047, 4.157253229646571e-10, 0.00016057783513763327, 0.04969549409400999
559, 0.002280148505327576, 4.1609023170379607e-10, 0.00016066121027255088, 0.05005125939479427
560, 0.0022787071407118897, 4.210924806900211e-10, 0.0001607327981867873, 0.05074293971928228
561, 0.002278043860504019, 4.2297078558058636e-10, 0.00016067540692866065, 0.05081828801015991
562, 0.0022767565270983984, 4.3115944955623044e-10, 0.00016053784199495747, 0.051045710438208144
563, 0.0022750311862745945, 4.403304294176236e-10, 0.0001604200755775023, 0.05161408533476335
564, 0.0022748013935350764, 4.4227004372486134e-10, 0.00016052300154219552, 0.0513657592492492
565, 0.0022741028444441215, 4.45528810347034e-10, 0.0001604879635783801, 0.05158873466150582
566, 0.002273878435861969, 4.424305769139327e-10, 0.0001603017784825377, 0.05175710633833
567, 0.0022731314249335452, 4.4139253976625805e-10, 0.00015998602673896915, 0.05208050853023911
568, 0.0022725617212636263, 4.356924581628811e-10, 0.00015928136062640008, 0.0521494534628528
569, 0.002271431444265395, 4.3858502298935347e-10, 0.00015897266076569548, 0.05237681109515044
570, 0.002270028648969295, 4.452537496389619e-10, 0.00015868494254352416, 0.05230417109465683
571, 0.0022689677612751026, 4.519102922021768e-10, 0.00015794221947726953, 0.05203969862647239
572, 0.002269302395092416, 4.397246577447872e-10, 0.00015787742823540434, 0.05173798172704856
573, 0.0022685641154685196, 4.3457653674913083e-10, 0.00015746484348818537, 0.05174098405606784
574, 0.002267103394461861, 4.3909014960587757e-10, 0.00015665045370792376, 0.05163933698573545
575, 0.00226610951797018, 4.4224679523170806e-10, 0.0001562719140414791, 0.05175447972046143
576, 0.002265260393631818, 4.3872869893566965e-10, 0.00015568206127821656, 0.05208487805278558
577, 0.0022647305459012005, 4.37146880140448e-10, 0.00015565596760627946, 0.05224481676239276
578, 0.0022650096143324327, 4.3198562254194226e-10, 0.00015566298085230263, 0.05218444737279617
579, 0.0022650460707218166, 4.234045534839022e-10, 0.00015502112215931517, 0.052317288327321174
580, 0.0022676190194169587, 3.9513644877289534e-10, 0.00015531924804372083, 0.051442509004552016
581, 0.00226781677595019, 3.7655713594013207e-10, 0.00015517545713172702, 0.05141339959895037
582, 0.0022686499954984417, 3.540771157312567e-10, 0.00015508815478226237, 0.05116268789871534
583, 0.002270758033922706, 3.272695276935693e-10, 0.00015467026192929792, 0.05072484400462135
584, 0.002273933117157293, 2.940784108738352e-10, 0.00015462379358289498, 0.05009443246723855
585, 0.0022742551770977624, 2.8765696743639126e-10, 0.00015460164949551253, 0.05003975814775788
586, 0.002274242571913876, 2.870407729690664e-10, 0.00015440541425490011, 0.04995695899409905
587, 0.002274173898400918, 2.8514301779626193e-10, 0.00015456148515160267, 0.0499001906283611
588, 0.002274989675647598, 2.740733974880491e-10, 0.00015452030683314364, 0.049723497792002955
589, 0.00227511793468293, 2.6922430901531013e-10, 0.000154389383828624, 0.049697989991856054
590, 0.002275305198066818, 2.651012877532122e-10, 0.00015427008991627213, 0.04963475093670434
591, 0.0022752030695256113, 2.6401292025409374e-10, 0.0001541861352886857, 0.04965849628347555
592, 0.002275834013505939, 2.5898998229965404e-10, 0.00015419243550632378, 0.04948831164104692
593, 0.00227596151301963, 2.574165858162631e-10, 0.00015418096401016829, 0.04946164755378597
594, 0.0022763910090446153, 2.52818898509414e-10, 0.00015415466901973158, 0.049392407547096326
595, 0.0022765486762019254, 2.4972784276227253e-10, 0.00015410343080016933, 0.049380372358962435
596, 0.0022768989503536004, 2.422177043622137e-10, 0.00015394447418128881, 0.04941606240342586
597, 0.0022765996828459463, 2.3458510401931563e-10, 0.00015368410751230853, 0.04978075797916354
598, 0.0022752568745437627, 2.3801103982612407e-10, 0.0001534149723414894, 0.05040272332105232
599, 0.002274375931127154, 2.365490513397513e-10, 0.00015334904740182622, 0.05070134220357805
600, 0.0022733031869839595, 2.4143288508190235e-10, 0.00015351418164000476, 0.05083923675905645
601, 0.002272527693673309, 2.4218062560174e-10, 0.00015384183824386494, 0.05065870234001927
602, 0.0022740457298444216, 2.3057140840825308e-10, 0.00015396996334804972, 0.05016007721687901
603, 0.002272761454594815, 2.334917938696646e-10, 0.00015385434473057856, 0.05057233391222088
604, 0.002271689321743339, 2.406576824065965e-10, 0.00015387797616588553, 0.050684778901834565
605, 0.0022721011649385063, 2.344296656081311e-10, 0.00015390820851881177, 0.050515932130460704
606, 0.0022723025924842686, 2.295717621829838e-10, 0.0001539303870842784, 0.05031453367635985
607, 0.002271567438814892, 2.328711348426723e-10, 0.0001539199523430626, 0.05040500532563962
608, 0.0022712177331448598, 2.2812155407393293e-10, 0.0001538206492569385, 0.05050078458552013
609, 0.0022707685005022835, 2.279993377399988e-10, 0.0001536397102482169, 0.050633383457057465
610, 0.002269746300522802, 2.3075394034204322e-10, 0.000153451567117494, 0.05090825127328812
611, 0.0022685956963098097, 2.3592074177205066e-10, 0.00015312009676777223, 0.051215321165608535
612, 0.0022684086446895933, 2.3197129518129876e-10, 0.00015294666261504714, 0.05125842376908928
613, 0.00226773584098928, 2.329279536171063e-10, 0.0001528231732927343, 0.05147376475954016
614, 0.002267118638922804, 2.352492705500005e-10, 0.0001527695507395728, 0.05168483726144796
615, 0.0022662295583613127, 2.3962674606408e-10, 0.00015260307351905517, 0.052005103683406106
616, 0.0022659156005955, 2.4003419330774136e-10, 0.0001527477210087723, 0.052163340278528036
617, 0.002265590209868444, 2.410146838512353e-10, 0.00015266585045031452, 0.05227534662975303
618, 0.0022655203028035453, 2.410296699924075e-10, 0.0001525805917258119, 0.052265585100866326
619, 0.0022650890807870993, 2.4325874627999695e-10, 0.000152475741698852, 0.05240083764789526
620, 0.002264914587336339, 2.4389192736803954e-10, 0.0001524222107292698, 0.0524375683290413
621, 0.0022644213743239104, 2.4648572108110785e-10, 0.00015235975124775207, 0.05260356302655718
622, 0.002264078857333778, 2.4815156897567405e-10, 0.0001523316621825896, 0.052680457338813054
623, 0.002263132735307716, 2.5317496553679473e-10, 0.00015226874696066284, 0.05293525266623904
624, 0.0022620082070125246, 2.566031229562009e-10, 0.00015242473770231974, 0.0531333420743711
625, 0.0022605597435310393, 2.5818590131840425e-10, 0.00015310689528787866, 0.053215420211544406
626, 0.0022600593954457907, 2.596149576797252e-10, 0.00015326558727236133, 0.053266200785684954
627, 0.00225993062369876, 2.5745126147117867e-10, 0.000153491920483791, 0.05320515166418126
628, 0.002259332453813209, 2.533259193673611e-10, 0.00015427457566102003, 0.0531687099190767
629, 0.002260261422466725, 2.411797603932608e-10, 0.00015473015601131214, 0.05270942779332643
630, 0.0022603299705876044, 2.379462748017075e-10, 0.00015530551981153545, 0.05253278687404866
631, 0.0022605373968821196, 2.3483041017889484e-10, 0.00015555605046282963, 0.0524358520060059
632, 0.0022606799670688254, 2.3301891132561136e-10, 0.0001557324213337185, 0.05234771144065132
633, 0.002260901139797048, 2.3127155385048971e-10, 0.00015621435820401675, 0.05218725155501925
634, 0.0022609557629851593, 2.302757954354504e-10, 0.00015658863489996812, 0.05211831639094282
635, 0.002260728760953612, 2.3117341475223446e-10, 0.0001569418906472846, 0.05213491123986032
636, 0.0022605246797808864, 2.3216494914251413e-10, 0.00015703485639154293, 0.052189001914356416
637, 0.002260516674276391, 2.3175939681201317e-10, 0.000157002190522513, 0.052207773816715736
638, 0.0022605735127477194, 2.307149875935028e-10, 0.00015707253666120873, 0.05220358278027302
639, 0.0022608874369236852, 2.2713620720250293e-10, 0.00015711774090664422, 0.05217819589010135
640, 0.0022612792643905205, 2.2179157457410347e-10, 0.0001569345530885319, 0.05219774012329823
641, 0.0022615717090584847, 2.1666494075187767e-10, 0.0001568501699759297, 0.052145162501884945
642, 0.0022623568214454825, 2.0627917266342847e-10, 0.0001567973974046338, 0.052116562480020404
643, 0.002262674361531677, 2.0132722817904078e-10, 0.0001570310591367527, 0.0520699068065103
644, 0.0022632874152029273, 1.928991253669857e-10, 0.00015670279179634967, 0.05205102414898693
645, 0.002264071030809351, 1.822034957132453e-10, 0.00015692551394808847, 0.05198587068513663
646, 0.002264296517415154, 1.7800184384672492e-10, 0.00015715483037400098, 0.05192416338163862
647, 0.002264516939354229, 1.7153370293516975e-10, 0.00015701100828752914, 0.0519200579949405
648, 0.0022649034967580782, 1.6656911305580408e-10, 0.00015701769740180996, 0.05190231177619243
649, 0.0022653582694453713, 1.6094049299655496e-10, 0.00015703166034658172, 0.05190100718190796
650, 0.0022654638758887557, 1.5939405726803037e-10, 0.0001570535845572357, 0.0518962115455543
