Epoch, l_theta, l_f, l_top, l_bottom, weight_theta, weight_f, weight_flux, weight_psi
13400, 0.0001300924745063623, 0.012058563384652849, 0.011646936351250302, 0.000431373662929687, 10.0, 1.0, 1.0, 1.0
13401, 0.00013013015772184782, 0.012066070785901706, 0.011594115377159517, 0.00043116532650602947, 10.0, 1.0, 1.0, 1.0
13402, 0.0001301555404527076, 0.012066702543929983, 0.011556568257500368, 0.0004309636616647113, 10.0, 1.0, 1.0, 1.0
13403, 0.0001302268182190502, 0.012056023813740588, 0.011452713464120159, 0.0004302200322166354, 10.0, 1.0, 1.0, 1.0
13404, 0.00013018796716292197, 0.012056512411003573, 0.011435930133776997, 0.0004298485545635605, 10.0, 1.0, 1.0, 1.0
13405, 0.00012985500284572475, 0.012095070298945909, 0.011481095698456087, 0.00042919272911342177, 10.0, 1.0, 1.0, 1.0
13406, 0.00012920381453767772, 0.012144057313086456, 0.011791849654919915, 0.0004303316213561762, 10.0, 1.0, 1.0, 1.0
13407, 0.00012841525140307492, 0.012233274320888924, 0.012194109166905602, 0.00043337346434702445, 10.0, 1.0, 1.0, 1.0
13408, 0.00012752033556270336, 0.012229486266799193, 0.012747647145702415, 0.00043920267033760045, 10.0, 1.0, 1.0, 1.0
13409, 0.00012746711775941618, 0.012281868973526533, 0.01259544194310533, 0.0004405667599557029, 10.0, 1.0, 1.0, 1.0
13410, 0.00012729229175656654, 0.012308406009103885, 0.012696842080746748, 0.00044294097850972036, 10.0, 1.0, 1.0, 1.0
13411, 0.00012731220896147497, 0.012301464454174418, 0.012649486281799377, 0.0004434759324420746, 10.0, 1.0, 1.0, 1.0
13412, 0.00012723411278296243, 0.012268107914723082, 0.012687242193796156, 0.00044530540005705764, 10.0, 1.0, 1.0, 1.0
13413, 0.00012706920611507143, 0.012219297847749314, 0.012803888230525258, 0.0004471843254676315, 10.0, 1.0, 1.0, 1.0
13414, 0.00012706242639661403, 0.01218130898995012, 0.01280831934940067, 0.00044716912267376115, 10.0, 1.0, 1.0, 1.0
13415, 0.00012710681677654157, 0.01214441493024201, 0.01276153054051406, 0.00044646356147148684, 10.0, 1.0, 1.0, 1.0
13416, 0.00012719372254866714, 0.012111384332764668, 0.01265280729569269, 0.0004456609180191906, 10.0, 1.0, 1.0, 1.0
13417, 0.00012733848627840343, 0.012080366877372723, 0.012433231152141865, 0.0004453552798231666, 10.0, 1.0, 1.0, 1.0
13418, 0.00012754856119895995, 0.012068049812281262, 0.012054819372194001, 0.0004466498135533171, 10.0, 1.0, 1.0, 1.0
13419, 0.00012779590540908564, 0.012093137922027061, 0.011536482556717291, 0.0004510955994201443, 10.0, 1.0, 1.0, 1.0
13420, 0.00012797200771242338, 0.012151165683633803, 0.011025890553124463, 0.00045957695858423223, 10.0, 1.0, 1.0, 1.0
13421, 0.0001279045828645679, 0.012222018778235057, 0.010668046523836964, 0.0004750080842212757, 10.0, 1.0, 1.0, 1.0
13422, 0.00012780638140963015, 0.0123530469511908, 0.010125122697437431, 0.0005015467171909102, 10.0, 1.0, 1.0, 1.0
13423, 0.00012767631520167578, 0.012365167907562206, 0.010139807155483906, 0.0005120857427062924, 10.0, 1.0, 1.0, 1.0
13424, 0.0001275591649069691, 0.012372819352281619, 0.010146827296733484, 0.0005175085775251807, 10.0, 1.0, 1.0, 1.0
13425, 0.00012755962860312245, 0.012367431953587894, 0.010109162083534205, 0.0005165325656077744, 10.0, 1.0, 1.0, 1.0
13426, 0.0001276157198409993, 0.012355116926694517, 0.009959132170377402, 0.0005132353535700963, 10.0, 1.0, 1.0, 1.0
13427, 0.00012778816090310295, 0.01233326841920693, 0.009674807911778344, 0.0005065291658530219, 10.0, 1.0, 1.0, 1.0
13428, 0.00012803813028959823, 0.012313265407708832, 0.009330952328587166, 0.0005018972749891797, 10.0, 1.0, 1.0, 1.0
13429, 0.0001282562566622337, 0.012301235694917072, 0.009026124561375514, 0.0005006404873283028, 10.0, 1.0, 1.0, 1.0
13430, 0.00012841216087355528, 0.012291555418638704, 0.008753893105271963, 0.0005013472553570912, 10.0, 1.0, 1.0, 1.0
13431, 0.00012848462116654737, 0.012274687952253147, 0.008496588751298578, 0.0005030388155411658, 10.0, 1.0, 1.0, 1.0
13432, 0.0001284700056843971, 0.01224352742104314, 0.008102527783188467, 0.0005053968125024593, 10.0, 1.0, 1.0, 1.0
13433, 0.00012847908747202328, 0.01220570083011053, 0.007295772560404216, 0.0005455354939222156, 10.0, 1.0, 1.0, 1.0
13434, 0.00012875193645453601, 0.01219478915944705, 0.0068692622750066695, 0.0006607240108768115, 10.0, 1.0, 1.0, 1.0
13435, 0.00012872136303098046, 0.012202737580272937, 0.0062071481297745245, 0.0007324629676807305, 10.0, 1.0, 1.0, 1.0
13436, 0.00012873714648457932, 0.012288004964698394, 0.005821321534513416, 0.0006512930250303814, 10.0, 1.0, 1.0, 1.0
13437, 0.00012875013387437492, 0.012338248864074669, 0.0054735747804955, 0.0006560761149300353, 10.0, 1.0, 1.0, 1.0
13438, 0.00012836303841035337, 0.012473404705059048, 0.004928879188773627, 0.0007066195737170884, 10.0, 1.0, 1.0, 1.0
13439, 0.00012770733453518773, 0.012505585549406957, 0.0047149066738729276, 0.0008706901029323498, 10.0, 1.0, 1.0, 1.0
13440, 0.0001262970971370845, 0.012578867915003383, 0.00515482811969122, 0.0010685035428058796, 10.0, 1.0, 1.0, 1.0
13441, 0.00012620189979536595, 0.012478409096646749, 0.0049937785878387, 0.0011913961290913537, 10.0, 1.0, 1.0, 1.0
13442, 0.00012632277904518836, 0.01241893263343835, 0.004850830527930217, 0.0011123629112804905, 10.0, 1.0, 1.0, 1.0
13443, 0.00012625037811549324, 0.012331940833535459, 0.004767524665409392, 0.00108912513489734, 10.0, 1.0, 1.0, 1.0
13444, 0.00012587433343254074, 0.012066345990839647, 0.004407862155916616, 0.0010194156277180846, 10.0, 1.0, 1.0, 1.0
13445, 0.000124797131745341, 0.011488311482580227, 0.004632755902965537, 0.0008818789656989373, 10.0, 1.0, 1.0, 1.0
13446, 0.00012474467380816046, 0.011186980647981357, 0.0037574225193533987, 0.0006343682056095014, 10.0, 1.0, 1.0, 1.0
13447, 0.0001231365726848438, 0.011188618369283877, 0.004402763366844773, 0.0006641274844039783, 10.0, 1.0, 1.0, 1.0
13448, 0.00012259919380451826, 0.011313677858734602, 0.004338558827934277, 0.0007076759727802757, 10.0, 1.0, 1.0, 1.0
13449, 0.0001222429789421787, 0.011289221027631103, 0.004274849703489695, 0.000736810309999249, 10.0, 1.0, 1.0, 1.0
13450, 0.00012125930960239775, 0.011195145868387248, 0.004135658043068216, 0.0007578441606504964, 10.0, 1.0, 1.0, 1.0
13451, 0.00011991286734291957, 0.01111251854890656, 0.004778041304363553, 0.0008149739428251044, 10.0, 1.0, 1.0, 1.0
13452, 0.00011968051924576195, 0.011160013295186589, 0.003908414238747258, 0.0007846025300027466, 10.0, 1.0, 1.0, 1.0
13453, 0.00011878442483836035, 0.011033154213542309, 0.004335554782785331, 0.0007970677273852199, 10.0, 1.0, 1.0, 1.0
13454, 0.00011821498548702344, 0.011184814369492658, 0.004225677483959675, 0.0007550992316744445, 10.0, 1.0, 1.0, 1.0
13455, 0.00011756026361592944, 0.011256846817165612, 0.004570440993548247, 0.0007730789162059758, 10.0, 1.0, 1.0, 1.0
13456, 0.00011722454843392638, 0.011370145819537634, 0.004676572454628577, 0.0007776927680350493, 10.0, 1.0, 1.0, 1.0
13457, 0.0001171688867806043, 0.011404664723539007, 0.004581944705025075, 0.0007827510638302369, 10.0, 1.0, 1.0, 1.0
13458, 0.0001170141330706688, 0.011462161703936675, 0.004273885505098372, 0.0008386898678258122, 10.0, 1.0, 1.0, 1.0
13459, 0.00011683039714916519, 0.011482025785529475, 0.0038137865026547147, 0.0009702196511786859, 10.0, 1.0, 1.0, 1.0
13460, 0.00011599680184838763, 0.01140824046374672, 0.0034781872245325677, 0.0014581163674132604, 10.0, 1.0, 1.0, 1.0
13461, 0.00011535210315367565, 0.011290031181498591, 0.0037892078675764197, 0.0015809265389576843, 10.0, 1.0, 1.0, 1.0
13462, 0.00011488748056419337, 0.011095943886857763, 0.004026322372337407, 0.0018744372906211568, 10.0, 1.0, 1.0, 1.0
13463, 0.00011537697202844821, 0.011114937369870211, 0.0035953388543475064, 0.0017031747999113986, 10.0, 1.0, 1.0, 1.0
13464, 0.00011487164541852435, 0.011124780236333776, 0.003907783091887599, 0.001790741411827043, 10.0, 1.0, 1.0, 1.0
13465, 0.00011480686850624735, 0.01111697871143077, 0.0038192660771437376, 0.001837320987882704, 10.0, 1.0, 1.0, 1.0
13466, 0.00011470656733744406, 0.011077873706100179, 0.003776517175165122, 0.0019020719902137061, 10.0, 1.0, 1.0, 1.0
13467, 0.00011482749624650818, 0.011065658785940985, 0.003595001616841127, 0.0018463179234324686, 10.0, 1.0, 1.0, 1.0
13468, 0.00011450556808604651, 0.010976716856762238, 0.003703279813720416, 0.001833045578086427, 10.0, 1.0, 1.0, 1.0
13469, 0.00011431906899263637, 0.010876071826932085, 0.0037806384420495604, 0.0017737233023316476, 10.0, 1.0, 1.0, 1.0
13470, 0.00011369304206911815, 0.010818725927895683, 0.004222292936381392, 0.0018175062384821247, 10.0, 1.0, 1.0, 1.0
13471, 0.0001133032850591199, 0.010850228297223924, 0.004356982603559924, 0.0018512672659740698, 10.0, 1.0, 1.0, 1.0
13472, 0.00011259660504644592, 0.01089539481404029, 0.0046452150827877795, 0.0020647918888530886, 10.0, 1.0, 1.0, 1.0
13473, 0.00011268882640684109, 0.01099393971143754, 0.004426430436517319, 0.0020032513695894386, 10.0, 1.0, 1.0, 1.0
13474, 0.00011278946974846438, 0.011031286883929329, 0.004303364571892877, 0.0019200184767520021, 10.0, 1.0, 1.0, 1.0
13475, 0.00011264487643537283, 0.011068678142934038, 0.004330787537114872, 0.0018992544959367413, 10.0, 1.0, 1.0, 1.0
13476, 0.00011229763642366492, 0.011117483175832036, 0.004438949371847005, 0.0019112847797523515, 10.0, 1.0, 1.0, 1.0
13477, 0.0001118217349974526, 0.011148544762647393, 0.0046583217987867425, 0.0019610504236207, 10.0, 1.0, 1.0, 1.0
13478, 0.00011090944794318651, 0.011214231583535104, 0.0050102605038346865, 0.002054650407622256, 10.0, 1.0, 1.0, 1.0
13479, 0.00010994325418088581, 0.011321317248265326, 0.005279784453955799, 0.0020997522992154557, 10.0, 1.0, 1.0, 1.0
13480, 0.00010876252740762162, 0.01146142707112013, 0.005498790627792916, 0.0020767468829555324, 10.0, 1.0, 1.0, 1.0
13481, 0.00010726041336496042, 0.011680769007101416, 0.005854032280693576, 0.0019044309986389302, 10.0, 1.0, 1.0, 1.0
13482, 0.00010639370466990269, 0.011701658029527023, 0.005973334364238517, 0.0018227514843734017, 10.0, 1.0, 1.0, 1.0
13483, 0.00010577799524511401, 0.011626823911742915, 0.005906735330413001, 0.0016240258756145755, 10.0, 1.0, 1.0, 1.0
13484, 0.00010450919130734221, 0.011593698978157799, 0.006907988674069233, 0.0016038081059640422, 10.0, 1.0, 1.0, 1.0
13485, 0.00010273163763038217, 0.01156509181134633, 0.008309118683099002, 0.0015784830947850783, 10.0, 1.0, 1.0, 1.0
13486, 0.00010279259656924321, 0.011439624683527395, 0.007524171228131842, 0.0015628031016291387, 10.0, 1.0, 1.0, 1.0
13487, 0.00010022869589997369, 0.011326220258265102, 0.009619280319246736, 0.0014664584364818228, 10.0, 1.0, 1.0, 1.0
13488, 9.433200955652252e-05, 0.011365158238540271, 0.013812173518661236, 0.0013441130852741433, 10.0, 1.0, 1.0, 1.0
13489, 9.547358707120941e-05, 0.010880854382613351, 0.012798572953210468, 0.00112945862249697, 10.0, 1.0, 1.0, 1.0
13490, 9.76735282781277e-05, 0.010768117969014508, 0.010175599533063908, 0.0011248001460744464, 10.0, 1.0, 1.0, 1.0
13491, 9.523051622645963e-05, 0.010925668807477206, 0.011648413963496028, 0.0011931657384500795, 10.0, 1.0, 1.0, 1.0
13492, 9.324442992646803e-05, 0.011056686529996522, 0.01303177337620776, 0.0012606123589794353, 10.0, 1.0, 1.0, 1.0
13493, 9.076992403596273e-05, 0.01122076819443824, 0.014767915247771025, 0.001361024522171267, 10.0, 1.0, 1.0, 1.0
13494, 8.696156757606831e-05, 0.012418181197820389, 0.016523922927314933, 0.0016331620483581923, 10.0, 1.0, 1.0, 1.0
13495, 8.592407585836919e-05, 0.01310750724851715, 0.01651181579995392, 0.001643179874361206, 10.0, 1.0, 1.0, 1.0
13496, 8.581723560406894e-05, 0.012148636949372914, 0.0176363738360578, 0.0013954034740274288, 10.0, 1.0, 1.0, 1.0
13497, 8.343886072865284e-05, 0.013343321028777546, 0.017513538971733605, 0.0015595702781410676, 10.0, 1.0, 1.0, 1.0
13498, 8.315954082466936e-05, 0.014451543208498695, 0.01591125306538213, 0.001698934580208461, 10.0, 1.0, 1.0, 1.0
13499, 8.450721145156344e-05, 0.013413746091473304, 0.015277339228189857, 0.0017420673460388652, 10.0, 1.0, 1.0, 1.0
13500, 8.20458795082249e-05, 0.013818970283322664, 0.01452234334268482, 0.0016420119611151801, 10.0, 1.0, 1.0, 1.0
13501, 8.089166592968583e-05, 0.015207549916847226, 0.011801388926187878, 0.0015944033741352374, 10.0, 1.0, 1.0, 1.0
13502, 8.060408986288845e-05, 0.015457620992200504, 0.010159827699599189, 0.0016081985673147782, 10.0, 1.0, 1.0, 1.0
13503, 8.029275825540779e-05, 0.01609257280197699, 0.008254666401245163, 0.0017356232675904322, 10.0, 1.0, 1.0, 1.0
13504, 8.039431897945452e-05, 0.01594002618007644, 0.007537053772838756, 0.001813576865862094, 10.0, 1.0, 1.0, 1.0
13505, 8.088223224006507e-05, 0.015425830118542056, 0.006760599926778493, 0.0019565146253007065, 10.0, 1.0, 1.0, 1.0
13506, 8.114281765379981e-05, 0.01507177976994903, 0.006046999416423312, 0.002016590372642679, 10.0, 1.0, 1.0, 1.0
13507, 8.086453929154059e-05, 0.014775149855447834, 0.0058553640582760655, 0.002078051139295398, 10.0, 1.0, 1.0, 1.0
13508, 7.994002291471736e-05, 0.014420488395035446, 0.005915718500412752, 0.0021637475998355343, 10.0, 1.0, 1.0, 1.0
13509, 7.983452715805505e-05, 0.01413726336933736, 0.005681519043375251, 0.002237244746839099, 10.0, 1.0, 1.0, 1.0
13510, 7.953587503670097e-05, 0.013793720530563741, 0.005151808139884305, 0.0021650404326648966, 10.0, 1.0, 1.0, 1.0
13511, 7.887079508237192e-05, 0.013851677486402711, 0.00493120569961745, 0.0022579207565351137, 10.0, 1.0, 1.0, 1.0
13512, 7.843442765639248e-05, 0.014083777721470958, 0.004748288292048152, 0.002078360552793195, 10.0, 1.0, 1.0, 1.0
13513, 7.850254911016797e-05, 0.013747734387317571, 0.003522747595765362, 0.0019587584895299917, 10.0, 1.0, 1.0, 1.0
13514, 7.822819950231476e-05, 0.013313582469728366, 0.0028960454491991743, 0.0015692652444211131, 10.0, 1.0, 1.0, 1.0
13515, 7.531249625097107e-05, 0.013195070011390354, 0.0029473614563711877, 0.0010893633435873546, 10.0, 1.0, 1.0, 1.0
13516, 6.947533368790436e-05, 0.013707971723293721, 0.0035976998328458823, 0.0006916311324997288, 10.0, 1.0, 1.0, 1.0
13517, 6.776236159889108e-05, 0.013327349134076306, 0.003993780565367681, 0.0005979620440283604, 10.0, 1.0, 1.0, 1.0
13518, 6.552312002109418e-05, 0.014220381611436973, 0.0038966543264614887, 0.0007362670169972418, 10.0, 1.0, 1.0, 1.0
13519, 6.483457297439685e-05, 0.01436628129282076, 0.0036922122050320355, 0.0009531157824997307, 10.0, 1.0, 1.0, 1.0
13520, 6.421353199595036e-05, 0.01457038566469103, 0.003624101696517495, 0.0010884518251783424, 10.0, 1.0, 1.0, 1.0
13521, 6.399320994859633e-05, 0.01454821476350658, 0.003491053058850426, 0.0012138641664597668, 10.0, 1.0, 1.0, 1.0
13522, 6.359102354361474e-05, 0.014395568438495343, 0.0034601347201049224, 0.0013449774845708956, 10.0, 1.0, 1.0, 1.0
13523, 6.298202463356444e-05, 0.014171074804919687, 0.003488259777997657, 0.0014065685168254142, 10.0, 1.0, 1.0, 1.0
13524, 6.191878828655972e-05, 0.013975866404877468, 0.003448261459422999, 0.0013514475306093507, 10.0, 1.0, 1.0, 1.0
13525, 6.0417451722286503e-05, 0.013458370739585092, 0.004095891149850453, 0.0011786594168224876, 10.0, 1.0, 1.0, 1.0
13526, 5.8040391060437105e-05, 0.013209260917055307, 0.004509973230845795, 0.0009215589970898938, 10.0, 1.0, 1.0, 1.0
13527, 5.592561838879286e-05, 0.013381620581820441, 0.004315011591462315, 0.0011611232553763364, 10.0, 1.0, 1.0, 1.0
13528, 5.104646901533527e-05, 0.014703289553854275, 0.004191659142671394, 0.002242496640731058, 10.0, 1.0, 1.0, 1.0
13529, 5.0441864200477456e-05, 0.014183436608197611, 0.0036472149684294805, 0.0020273025133513856, 10.0, 1.0, 1.0, 1.0
13530, 5.035917847907825e-05, 0.01350775448030253, 0.003557702340927132, 0.0017405531025670477, 10.0, 1.0, 1.0, 1.0
13531, 4.9361732794501874e-05, 0.013641878640081427, 0.0037743925792986235, 0.0016048705157224578, 10.0, 1.0, 1.0, 1.0
13532, 4.839688854027081e-05, 0.01382409955494085, 0.004116183967836157, 0.0016947951011431366, 10.0, 1.0, 1.0, 1.0
13533, 4.734889834446404e-05, 0.013900965433307141, 0.0043313549796133, 0.00178616992555163, 10.0, 1.0, 1.0, 1.0
13534, 4.6402995973707845e-05, 0.01366017870421932, 0.00469309203531506, 0.0017933961382809523, 10.0, 1.0, 1.0, 1.0
13535, 4.598665130704961e-05, 0.013473343018103339, 0.004903556418230963, 0.0017343304544327391, 10.0, 1.0, 1.0, 1.0
13536, 4.5416598671579995e-05, 0.013163901226823002, 0.005237056272971112, 0.001599228718793697, 10.0, 1.0, 1.0, 1.0
13537, 4.55145363332457e-05, 0.012873329706695667, 0.005111541287351775, 0.0014571052120900048, 10.0, 1.0, 1.0, 1.0
13538, 4.5498599170855316e-05, 0.012830529599439358, 0.005133898039843505, 0.0014151064805592011, 10.0, 1.0, 1.0, 1.0
13539, 4.595108789021902e-05, 0.01288773677748427, 0.004484594527305117, 0.0014032417186667, 10.0, 1.0, 1.0, 1.0
13540, 4.533439393263095e-05, 0.013007467819716451, 0.00488549205631074, 0.0013780639353096929, 10.0, 1.0, 1.0, 1.0
13541, 4.5396662073312885e-05, 0.013044078201820372, 0.00474125217078, 0.001393634986490267, 10.0, 1.0, 1.0, 1.0
13542, 4.534968722985654e-05, 0.01308016124148766, 0.004727283353257337, 0.0013836101481554015, 10.0, 1.0, 1.0, 1.0
13543, 4.5153128856399596e-05, 0.01326135732557616, 0.0046084976908807905, 0.0012853460023178676, 10.0, 1.0, 1.0, 1.0
13544, 4.504097101008025e-05, 0.01326139387743723, 0.004698726818599202, 0.0012054967405858202, 10.0, 1.0, 1.0, 1.0
13545, 4.5132351765607075e-05, 0.013108438646482277, 0.00454404094394138, 0.0011011551491784146, 10.0, 1.0, 1.0, 1.0
13546, 4.533453334348942e-05, 0.012807919808312536, 0.004382673305074523, 0.0010097505307034005, 10.0, 1.0, 1.0, 1.0
13547, 4.564770118509458e-05, 0.012305862664986414, 0.004093598987779064, 0.0009049629035242788, 10.0, 1.0, 1.0, 1.0
13548, 4.595145921473343e-05, 0.011831602695333109, 0.0036803648399253755, 0.0008238859992241641, 10.0, 1.0, 1.0, 1.0
13549, 4.659202340111682e-05, 0.011411148926888015, 0.003140754608919261, 0.000754655204390248, 10.0, 1.0, 1.0, 1.0
13550, 4.6177771463074265e-05, 0.01150694918547611, 0.002851064986556382, 0.0007881107778949343, 10.0, 1.0, 1.0, 1.0
13551, 4.5909123851308594e-05, 0.011582087036198771, 0.002945265065709165, 0.0007948400183466001, 10.0, 1.0, 1.0, 1.0
13552, 4.580254914914158e-05, 0.011392245284222946, 0.003131721790140228, 0.0007540444618775062, 10.0, 1.0, 1.0, 1.0
13553, 4.6003947355224866e-05, 0.011384504399435747, 0.002880884381092141, 0.0007384990362977764, 10.0, 1.0, 1.0, 1.0
13554, 4.598440227405072e-05, 0.011327382217307485, 0.0028706943507909198, 0.0007310696428584432, 10.0, 1.0, 1.0, 1.0
13555, 4.610654140131891e-05, 0.011175740310144351, 0.0028383719096127715, 0.0006990649135862506, 10.0, 1.0, 1.0, 1.0
13556, 4.598443949250202e-05, 0.011102755216519846, 0.002902598514395658, 0.000684125018945312, 10.0, 1.0, 1.0, 1.0
13557, 4.601391772389458e-05, 0.010852911005071122, 0.0029035864350277917, 0.0006524135281993799, 10.0, 1.0, 1.0, 1.0
13558, 4.584956586432469e-05, 0.010781062153026396, 0.002891162489573307, 0.0006239627128265961, 10.0, 1.0, 1.0, 1.0
13559, 4.585668152861036e-05, 0.010601982426095542, 0.002738910565384883, 0.0006032849317896911, 10.0, 1.0, 1.0, 1.0
13560, 4.534016203075375e-05, 0.010652391441870086, 0.002775651633144512, 0.0006236400395582549, 10.0, 1.0, 1.0, 1.0
13561, 4.543217272308885e-05, 0.010495638030706442, 0.0025503533826239035, 0.0006131194936433876, 10.0, 1.0, 1.0, 1.0
13562, 4.5266825814416283e-05, 0.010391782531061704, 0.002623666801458465, 0.000603623880686697, 10.0, 1.0, 1.0, 1.0
13563, 4.5188780585549426e-05, 0.01031537423357497, 0.0026921555450349346, 0.0005955288707496565, 10.0, 1.0, 1.0, 1.0
13564, 4.504982525230949e-05, 0.0102624572975428, 0.002753733544053196, 0.0006150866657686737, 10.0, 1.0, 1.0, 1.0
13565, 4.436856471286077e-05, 0.010247785143773072, 0.003056048224965057, 0.0006893027131087915, 10.0, 1.0, 1.0, 1.0
13566, 4.4159232596740366e-05, 0.010158140019355416, 0.0030052419554731113, 0.0007715958707557225, 10.0, 1.0, 1.0, 1.0
13567, 4.378959331011107e-05, 0.010142576529360698, 0.0029760010915904998, 0.0008417172897584883, 10.0, 1.0, 1.0, 1.0
13568, 4.410474847577841e-05, 0.010219452959799865, 0.0023560541995755386, 0.000806258165775262, 10.0, 1.0, 1.0, 1.0
13569, 4.4032254874043414e-05, 0.010259482940012696, 0.002267481621734357, 0.0007914844236542295, 10.0, 1.0, 1.0, 1.0
13570, 4.384445776646041e-05, 0.010258721598189675, 0.0022951113436067753, 0.0008218801914468332, 10.0, 1.0, 1.0, 1.0
13571, 4.3569562297522986e-05, 0.010189830962713841, 0.0024322530546358537, 0.0008732173694750982, 10.0, 1.0, 1.0, 1.0
13572, 4.35336193817776e-05, 0.01008657242587106, 0.0024297346263289455, 0.0008781704194028466, 10.0, 1.0, 1.0, 1.0
13573, 4.3604449417798005e-05, 0.009974366731310436, 0.002354433597085132, 0.0008346966102445589, 10.0, 1.0, 1.0, 1.0
13574, 4.3586143046970156e-05, 0.009835267491373336, 0.002398052547735186, 0.0008149508492909682, 10.0, 1.0, 1.0, 1.0
13575, 4.368235995412521e-05, 0.00979392642574804, 0.0022748700697434333, 0.0007836377208094721, 10.0, 1.0, 1.0, 1.0
13576, 4.366164016783178e-05, 0.009791038932271656, 0.0021756593735122337, 0.0007955147298313195, 10.0, 1.0, 1.0, 1.0
13577, 4.351204092271589e-05, 0.009673335208388742, 0.002156096006955936, 0.0008380101896808316, 10.0, 1.0, 1.0, 1.0
13578, 4.3447445425328125e-05, 0.009385275069061307, 0.0021900477629044606, 0.0008659925177796375, 10.0, 1.0, 1.0, 1.0
13579, 4.3082991870934167e-05, 0.009238362669088326, 0.0023738387651368945, 0.0008218628158772026, 10.0, 1.0, 1.0, 1.0
13580, 4.273217971811815e-05, 0.008983323756121571, 0.0024891736985776037, 0.000731032490039596, 10.0, 1.0, 1.0, 1.0
13581, 4.117672790778403e-05, 0.00880678203115214, 0.003797436579821275, 0.00083948877209361, 10.0, 1.0, 1.0, 1.0
13582, 4.1204984204166943e-05, 0.00900496105311883, 0.002986065505472175, 0.0008464599121604067, 10.0, 1.0, 1.0, 1.0
13583, 4.12895740138506e-05, 0.009002355704394664, 0.0023946540365056136, 0.0008691786068752564, 10.0, 1.0, 1.0, 1.0
13584, 4.061104576004603e-05, 0.009090483122716294, 0.0026784713463078756, 0.0009261941672663301, 10.0, 1.0, 1.0, 1.0
13585, 4.0095227188419324e-05, 0.009101134169078937, 0.0028948414986903425, 0.001115505418335297, 10.0, 1.0, 1.0, 1.0
13586, 4.0104869338024244e-05, 0.009118608767747843, 0.002845572713121199, 0.001101704710133697, 10.0, 1.0, 1.0, 1.0
13587, 4.0043953660055455e-05, 0.009090764833314464, 0.0028308240978544928, 0.001091247391772057, 10.0, 1.0, 1.0, 1.0
13588, 3.965748146151728e-05, 0.009002575110201916, 0.002956150268760341, 0.0010308151781154497, 10.0, 1.0, 1.0, 1.0
13589, 3.926798857814925e-05, 0.008940639528492412, 0.003128821258107724, 0.0009648442711454261, 10.0, 1.0, 1.0, 1.0
13590, 3.871142460304135e-05, 0.008858474582106604, 0.0033648025122022425, 0.0008991569851707434, 10.0, 1.0, 1.0, 1.0
13591, 3.8371546230210974e-05, 0.00878336353768198, 0.003418465341399528, 0.0008825224211003829, 10.0, 1.0, 1.0, 1.0
13592, 3.7659007613141054e-05, 0.008831657330693219, 0.003546064803620311, 0.0009124641131903209, 10.0, 1.0, 1.0, 1.0
13593, 3.7734485291283146e-05, 0.008815214028680409, 0.0032455431361710536, 0.0008940797250829284, 10.0, 1.0, 1.0, 1.0
13594, 3.637780672769361e-05, 0.009003762907277047, 0.0037211336066460773, 0.0008837280192546907, 10.0, 1.0, 1.0, 1.0
13595, 3.598997343859955e-05, 0.008939587050369945, 0.003555542312725814, 0.0009144001396786973, 10.0, 1.0, 1.0, 1.0
13596, 3.562813933207565e-05, 0.008801954096336865, 0.003419483270331073, 0.0008978285947520855, 10.0, 1.0, 1.0, 1.0
13597, 3.520856550592597e-05, 0.008794305273423375, 0.0035402544508556398, 0.0008867169460281927, 10.0, 1.0, 1.0, 1.0
13598, 3.4919575970663974e-05, 0.008846990078810672, 0.003531319707620151, 0.0007805577276848312, 10.0, 1.0, 1.0, 1.0
13599, 3.4675602052927636e-05, 0.008671672161770418, 0.003860506954106596, 0.0007762629623008311, 10.0, 1.0, 1.0, 1.0
13600, 3.466913586953848e-05, 0.008549340196886222, 0.0039299864403460295, 0.000788745366258832, 10.0, 1.0, 1.0, 1.0
13601, 3.4697024726718974e-05, 0.008575646826704775, 0.0038473914509523453, 0.0007848025615746269, 10.0, 1.0, 1.0, 1.0
13602, 3.463265707275033e-05, 0.008571184372237299, 0.0038813397198218355, 0.0007824415033160445, 10.0, 1.0, 1.0, 1.0
13603, 3.456716180493444e-05, 0.008535887180075025, 0.003958999026624551, 0.0007788696439628784, 10.0, 1.0, 1.0, 1.0
13604, 3.4532132360429685e-05, 0.008473078154564438, 0.004026745688420552, 0.0007825738494119099, 10.0, 1.0, 1.0, 1.0
13605, 3.444599560304698e-05, 0.008425095850542583, 0.004124867611925645, 0.0007851837404781343, 10.0, 1.0, 1.0, 1.0
13606, 3.4486616893422245e-05, 0.008441304997112332, 0.0039596093390815105, 0.0007919426611018738, 10.0, 1.0, 1.0, 1.0
13607, 3.437767965001221e-05, 0.008481058323913908, 0.0037682901745057836, 0.0008279925274342082, 10.0, 1.0, 1.0, 1.0
13608, 3.442555875708781e-05, 0.008542929407920938, 0.003507590910737779, 0.0008577690878581636, 10.0, 1.0, 1.0, 1.0
13609, 3.4258377755692425e-05, 0.008524377261177597, 0.003588098157814169, 0.0008741154800506599, 10.0, 1.0, 1.0, 1.0
13610, 3.4275657494650026e-05, 0.008582909159849291, 0.0034243918181106822, 0.0008877549766117104, 10.0, 1.0, 1.0, 1.0
13611, 3.417052558352535e-05, 0.008593098827527235, 0.003476246538346936, 0.0008972224275493209, 10.0, 1.0, 1.0, 1.0
13612, 3.3826883255181537e-05, 0.008565791146109242, 0.003796109527482928, 0.0008720786959282012, 10.0, 1.0, 1.0, 1.0
13613, 3.390512047170671e-05, 0.0085718962676206, 0.003685856661408265, 0.0008659969274236107, 10.0, 1.0, 1.0, 1.0
13614, 3.396284333494482e-05, 0.0085522482979819, 0.003619453656773535, 0.0008637152994500524, 10.0, 1.0, 1.0, 1.0
13615, 3.4044860400826806e-05, 0.008515317178500965, 0.0035677577671059412, 0.000854680636436717, 10.0, 1.0, 1.0, 1.0
13616, 3.399777357636695e-05, 0.008511100825132616, 0.003599511767990772, 0.0008578756996688418, 10.0, 1.0, 1.0, 1.0
13617, 3.3957973929008805e-05, 0.008511995177475295, 0.0036236700687078643, 0.0008610283409887542, 10.0, 1.0, 1.0, 1.0
13618, 3.384970268764979e-05, 0.008526719140491747, 0.0036648807745068524, 0.0008707511041076163, 10.0, 1.0, 1.0, 1.0
13619, 3.3619344109120285e-05, 0.008567151102747205, 0.0036909773667234353, 0.0009168879650706474, 10.0, 1.0, 1.0, 1.0
13620, 3.3230296882035874e-05, 0.008655004627264283, 0.0038657978190929985, 0.000959925336007597, 10.0, 1.0, 1.0, 1.0
13621, 3.320076054495467e-05, 0.008668345045994133, 0.003728809886796502, 0.0009810734006563983, 10.0, 1.0, 1.0, 1.0
13622, 3.3366580861855406e-05, 0.008542290863598211, 0.003575568065677355, 0.000946384594316611, 10.0, 1.0, 1.0, 1.0
13623, 3.3504500009263875e-05, 0.008584018970356957, 0.0032257157456599917, 0.000963500009156853, 10.0, 1.0, 1.0, 1.0
13624, 3.322289747401454e-05, 0.00856108028402462, 0.003244896007724984, 0.0010056524250920086, 10.0, 1.0, 1.0, 1.0
13625, 3.234758272202827e-05, 0.008448713520698307, 0.0039180438953094225, 0.0010491652508135573, 10.0, 1.0, 1.0, 1.0
13626, 3.2369809785190605e-05, 0.008504554263065177, 0.003586469977283992, 0.001019661205121009, 10.0, 1.0, 1.0, 1.0
13627, 3.286515517126856e-05, 0.008423834109790867, 0.0028935583661211517, 0.0010026570344682081, 10.0, 1.0, 1.0, 1.0
13628, 3.2418634177965317e-05, 0.008220339519384931, 0.0033923781122359585, 0.0009355442050694924, 10.0, 1.0, 1.0, 1.0
13629, 3.23691911788767e-05, 0.008239320560444826, 0.003351739664826589, 0.0008925945025076989, 10.0, 1.0, 1.0, 1.0
13630, 3.24101085432481e-05, 0.00819991883963941, 0.003292016519049848, 0.0008639270206029536, 10.0, 1.0, 1.0, 1.0
13631, 3.246148904201051e-05, 0.008119545308327567, 0.003283401786603654, 0.0008517832106733342, 10.0, 1.0, 1.0, 1.0
13632, 3.252058839595245e-05, 0.008097219517133688, 0.0032304470100464515, 0.0008282415135828011, 10.0, 1.0, 1.0, 1.0
13633, 3.2572706239675024e-05, 0.008089566429872182, 0.0031744080845807917, 0.0008164493608116461, 10.0, 1.0, 1.0, 1.0
13634, 3.259241619501948e-05, 0.00806394817666061, 0.0031685368275421425, 0.0008031347600774484, 10.0, 1.0, 1.0, 1.0
13635, 3.2618541347866706e-05, 0.008026538440142896, 0.0031524142857120487, 0.0007865061491168597, 10.0, 1.0, 1.0, 1.0
13636, 3.263391886372305e-05, 0.008006623453929712, 0.0031292874165241135, 0.0007760150620684551, 10.0, 1.0, 1.0, 1.0
13637, 3.256060593564711e-05, 0.008012665134867411, 0.003175476730998573, 0.0007824223401762139, 10.0, 1.0, 1.0, 1.0
13638, 3.259915492612184e-05, 0.00800673467246669, 0.0031097962144162722, 0.0007687385954152759, 10.0, 1.0, 1.0, 1.0
13639, 3.257905863761989e-05, 0.008025177880101124, 0.0030761289917090647, 0.00075982382436614, 10.0, 1.0, 1.0, 1.0
13640, 3.2545663761519945e-05, 0.008054627306430378, 0.0030579231744217164, 0.000757372074120601, 10.0, 1.0, 1.0, 1.0
13641, 3.253498938427776e-05, 0.008057122071402948, 0.0030625239045967974, 0.0007557248106636048, 10.0, 1.0, 1.0, 1.0
13642, 3.248842482031264e-05, 0.008057685952571062, 0.0031040247654430327, 0.0007535325948989466, 10.0, 1.0, 1.0, 1.0
13643, 3.246732654102521e-05, 0.008065081920406678, 0.0031058355667210468, 0.0007584784533626601, 10.0, 1.0, 1.0, 1.0
13644, 3.2436724092836884e-05, 0.008055296407903643, 0.0031283275211090368, 0.0007602564170034568, 10.0, 1.0, 1.0, 1.0
13645, 3.236141549117856e-05, 0.008044000438698117, 0.003173655707069163, 0.0007687580137074599, 10.0, 1.0, 1.0, 1.0
13646, 3.2206451881369986e-05, 0.008005969429680453, 0.0032847412350009843, 0.0007809487574437273, 10.0, 1.0, 1.0, 1.0
13647, 3.198334633620421e-05, 0.00796101193068435, 0.0034258382153591243, 0.0007909166951006225, 10.0, 1.0, 1.0, 1.0
13648, 3.16927707294164e-05, 0.007869686178045126, 0.003715701007483164, 0.000803696004244051, 10.0, 1.0, 1.0, 1.0
13649, 3.170134694976823e-05, 0.007863115009270458, 0.0036684594008677875, 0.000789728353662054, 10.0, 1.0, 1.0, 1.0
13650, 3.172064118135373e-05, 0.00781773451882448, 0.003589151858699447, 0.0007833819602229849, 10.0, 1.0, 1.0, 1.0
13651, 3.1819223043565755e-05, 0.007832222016914532, 0.003333217801950821, 0.000763243062269784, 10.0, 1.0, 1.0, 1.0
13652, 3.176209683970003e-05, 0.00782835330574289, 0.0033374223700673067, 0.0007488762087002882, 10.0, 1.0, 1.0, 1.0
13653, 3.18957871668453e-05, 0.007824260812009832, 0.0031957478201028668, 0.0007265439597917352, 10.0, 1.0, 1.0, 1.0
13654, 3.1872797458188354e-05, 0.007810062737923966, 0.0031669294038831333, 0.0007246839532048246, 10.0, 1.0, 1.0, 1.0
13655, 3.182881775323192e-05, 0.00777266124938568, 0.003219068308932824, 0.000719591071944978, 10.0, 1.0, 1.0, 1.0
13656, 3.1855401768553274e-05, 0.007712515028471352, 0.0032290619448257663, 0.0007036122426628622, 10.0, 1.0, 1.0, 1.0
13657, 3.197403393316206e-05, 0.0076449421196784885, 0.003164514549145601, 0.0006725866784759097, 10.0, 1.0, 1.0, 1.0
13658, 3.195961409196231e-05, 0.007590366600303699, 0.003223310026734835, 0.0006626986874175467, 10.0, 1.0, 1.0, 1.0
13659, 3.191966688748812e-05, 0.007590193296621667, 0.0032480176891321326, 0.0006630939485683327, 10.0, 1.0, 1.0, 1.0
13660, 3.1847632117061184e-05, 0.0075755606340738935, 0.003329275114857655, 0.0006594239554685344, 10.0, 1.0, 1.0, 1.0
13661, 3.1845273243203824e-05, 0.00757445537080845, 0.00333318206539047, 0.0006561355422755745, 10.0, 1.0, 1.0, 1.0
13662, 3.1841921875502946e-05, 0.007583858975159396, 0.003327478392300896, 0.0006508076453705748, 10.0, 1.0, 1.0, 1.0
13663, 3.183761995419931e-05, 0.007594009910712777, 0.00331950460793438, 0.0006481345802015243, 10.0, 1.0, 1.0, 1.0
13664, 3.182119952227738e-05, 0.0076043507407149635, 0.0033099874587443094, 0.0006497282433212161, 10.0, 1.0, 1.0, 1.0
13665, 3.182547286974016e-05, 0.007582301181723812, 0.0033200382479451067, 0.0006412595963843744, 10.0, 1.0, 1.0, 1.0
13666, 3.1886039909625964e-05, 0.00757093276860426, 0.003244342782953127, 0.0006405749285067241, 10.0, 1.0, 1.0, 1.0
13667, 3.1852055658851835e-05, 0.007550822015917132, 0.0032553189560954373, 0.0006405538215323535, 10.0, 1.0, 1.0, 1.0
13668, 3.1704793624039505e-05, 0.007458518796233308, 0.0032941798034309003, 0.000638692036416145, 10.0, 1.0, 1.0, 1.0
13669, 3.1614638191156855e-05, 0.007430432516394152, 0.003300880202675273, 0.0006129166749114113, 10.0, 1.0, 1.0, 1.0
13670, 3.1357274628428707e-05, 0.007382919550786119, 0.003300309511359111, 0.0005214882910557171, 10.0, 1.0, 1.0, 1.0
13671, 3.1063219933330856e-05, 0.007381910195803105, 0.003244651368969716, 0.00042874273149839893, 10.0, 1.0, 1.0, 1.0
13672, 3.082752024031563e-05, 0.007397929448820004, 0.003346932433829889, 0.0004088946699623355, 10.0, 1.0, 1.0, 1.0
13673, 3.0290243331348075e-05, 0.007460581091546804, 0.00322029215024413, 0.00040671807284641383, 10.0, 1.0, 1.0, 1.0
13674, 3.0002781287654078e-05, 0.007469931588995719, 0.003276336595328035, 0.00042653488202726514, 10.0, 1.0, 1.0, 1.0
13675, 2.994798777739999e-05, 0.007424876683217242, 0.003045251039495226, 0.0004210999348304576, 10.0, 1.0, 1.0, 1.0
13676, 2.930127505947917e-05, 0.007434447061462703, 0.003631373056184685, 0.0003945424549737293, 10.0, 1.0, 1.0, 1.0
13677, 2.9588302452513977e-05, 0.007384311320319814, 0.0031826743314711447, 0.0003800345182090137, 10.0, 1.0, 1.0, 1.0
13678, 2.9692694819182444e-05, 0.0073453902187294905, 0.0030441473585138424, 0.00038472627247047354, 10.0, 1.0, 1.0, 1.0
13679, 2.9629470953359695e-05, 0.0073209027480808575, 0.003063009976027288, 0.0003926074482696123, 10.0, 1.0, 1.0, 1.0
13680, 2.9590833369297364e-05, 0.007325178595396625, 0.0030463823822303765, 0.0003983237289662885, 10.0, 1.0, 1.0, 1.0
13681, 2.9502888824498726e-05, 0.0073438719759014726, 0.0030747630727634345, 0.00040772017768714845, 10.0, 1.0, 1.0, 1.0
13682, 2.9370433013971103e-05, 0.007402880036421631, 0.0030889535177079917, 0.0004078153799353217, 10.0, 1.0, 1.0, 1.0
13683, 2.9177451722375436e-05, 0.007437884578658307, 0.003155407864684116, 0.00042201143373282886, 10.0, 1.0, 1.0, 1.0
13684, 2.9084172034497072e-05, 0.007462661079698766, 0.003105415452266229, 0.00041799966839624797, 10.0, 1.0, 1.0, 1.0
13685, 2.885431365730215e-05, 0.007493335112297731, 0.0030388362673207004, 0.0004250956623815549, 10.0, 1.0, 1.0, 1.0
13686, 2.9110119918093326e-05, 0.0075480045950962, 0.002628406132925061, 0.00040815368817439986, 10.0, 1.0, 1.0, 1.0
13687, 2.8359040472890312e-05, 0.0075218754025971465, 0.0031820312720889834, 0.00043226844428021784, 10.0, 1.0, 1.0, 1.0
13688, 2.843915338389286e-05, 0.007497183695531226, 0.002958779002925319, 0.0004323861954318794, 10.0, 1.0, 1.0, 1.0
13689, 2.8425286974619882e-05, 0.0075108305692722695, 0.0027904700225096246, 0.00044981347405789724, 10.0, 1.0, 1.0, 1.0
13690, 2.8268052851794865e-05, 0.007518003607941586, 0.002869440375274624, 0.0004758271672752406, 10.0, 1.0, 1.0, 1.0
13691, 2.8485383164510356e-05, 0.007579140881930056, 0.0025628502640705378, 0.00048406280658255324, 10.0, 1.0, 1.0, 1.0
13692, 2.8298997322912283e-05, 0.007558145357194532, 0.0027252607981525998, 0.0004759529037559277, 10.0, 1.0, 1.0, 1.0
13693, 2.8228802181723677e-05, 0.007552337638457169, 0.0027751621429974254, 0.0004751592747120898, 10.0, 1.0, 1.0, 1.0
13694, 2.8155238588191366e-05, 0.007555884875777073, 0.002803508255171393, 0.00047309910679145626, 10.0, 1.0, 1.0, 1.0
13695, 2.8146697955915876e-05, 0.007572937789210604, 0.0027591092691458563, 0.00046828522928398235, 10.0, 1.0, 1.0, 1.0
13696, 2.810067065947795e-05, 0.007605022302013214, 0.0027158384775069194, 0.00046338326600998345, 10.0, 1.0, 1.0, 1.0
13697, 2.8176689123198737e-05, 0.007608353204362039, 0.0026154260905649975, 0.0004589532356385504, 10.0, 1.0, 1.0, 1.0
13698, 2.809996473375703e-05, 0.007628396017222447, 0.0026275559367172057, 0.00045703525032435565, 10.0, 1.0, 1.0, 1.0
13699, 2.8184502420496364e-05, 0.007655425779126188, 0.0025005835635698377, 0.00045344593814432787, 10.0, 1.0, 1.0, 1.0
13700, 2.8103056735856165e-05, 0.007641140202687319, 0.0025824215396305127, 0.00045507471414076386, 10.0, 1.0, 1.0, 1.0
13701, 2.813527099651514e-05, 0.007626652297416907, 0.002555592673184447, 0.00045486738150634764, 10.0, 1.0, 1.0, 1.0
13702, 2.815622183255731e-05, 0.007611431222209552, 0.0025415257408268914, 0.0004549547744426015, 10.0, 1.0, 1.0, 1.0
13703, 2.814961971404292e-05, 0.007585053886694052, 0.0025562578381596833, 0.000456721861287834, 10.0, 1.0, 1.0, 1.0
13704, 2.8144394059542443e-05, 0.007567934136400865, 0.0025568624365781543, 0.00046035851416157943, 10.0, 1.0, 1.0, 1.0
13705, 2.8053161112717992e-05, 0.007574856278420079, 0.0026137773491300984, 0.0004674894552985611, 10.0, 1.0, 1.0, 1.0
13706, 2.8042907235725933e-05, 0.007598742850451632, 0.00257717114459851, 0.00047214225418720866, 10.0, 1.0, 1.0, 1.0
13707, 2.7975582012832693e-05, 0.00763383351822217, 0.0025841264462094886, 0.00047731015258090586, 10.0, 1.0, 1.0, 1.0
13708, 2.7998491921282333e-05, 0.007665001596128524, 0.0025156439432355293, 0.00047942419284695775, 10.0, 1.0, 1.0, 1.0
13709, 2.7980542303571756e-05, 0.007663416093748891, 0.002523266000787077, 0.00047927146044065807, 10.0, 1.0, 1.0, 1.0
13710, 2.7973081594770892e-05, 0.007649140693254252, 0.002534573137450948, 0.0004770532849029444, 10.0, 1.0, 1.0, 1.0
13711, 2.7990886707823433e-05, 0.007638961349531975, 0.002514798767329123, 0.0004759877298294754, 10.0, 1.0, 1.0, 1.0
13712, 2.8017493464162534e-05, 0.007626765042494902, 0.0024845091040640085, 0.0004718655405112248, 10.0, 1.0, 1.0, 1.0
13713, 2.79621657538536e-05, 0.007619681385054251, 0.0025228870393326007, 0.0004733662604107612, 10.0, 1.0, 1.0, 1.0
13714, 2.8027486801411977e-05, 0.007604543611788475, 0.002439560698983334, 0.00046805124375293687, 10.0, 1.0, 1.0, 1.0
13715, 2.7926583065073362e-05, 0.007607079296252883, 0.0024936753031918634, 0.00046488687253126937, 10.0, 1.0, 1.0, 1.0
13716, 2.8054825464171436e-05, 0.00759949948541558, 0.0023507030366491355, 0.00047335156516232655, 10.0, 1.0, 1.0, 1.0
13717, 2.7928259278793318e-05, 0.0075864577237234904, 0.0024674177979789234, 0.0004739407064480002, 10.0, 1.0, 1.0, 1.0
13718, 2.787933146670049e-05, 0.007587011929811812, 0.002506748657939751, 0.00047619766452833365, 10.0, 1.0, 1.0, 1.0
13719, 2.7811301810750086e-05, 0.007589995234029402, 0.002556219418315769, 0.0004816100033622818, 10.0, 1.0, 1.0, 1.0
13720, 2.786097677404213e-05, 0.007568782445310349, 0.0025222123971105938, 0.00048016395729848335, 10.0, 1.0, 1.0, 1.0
13721, 2.7812386442213106e-05, 0.007574909734042939, 0.0025474388472447223, 0.0004815018446189515, 10.0, 1.0, 1.0, 1.0
13722, 2.769982819549704e-05, 0.007596834201814233, 0.002602403505034097, 0.0004847173916164286, 10.0, 1.0, 1.0, 1.0
13723, 2.7639878201241173e-05, 0.007627573719592746, 0.0026155015633089465, 0.0004827367516412866, 10.0, 1.0, 1.0, 1.0
13724, 2.7633220396926212e-05, 0.007644190069158383, 0.002587284245649318, 0.00048302852794252063, 10.0, 1.0, 1.0, 1.0
13725, 2.7620371978038066e-05, 0.007648416179821628, 0.002579861680838437, 0.00048160528840517547, 10.0, 1.0, 1.0, 1.0
13726, 2.759194673258437e-05, 0.00766426761420219, 0.00253688145269737, 0.0004800485341940386, 10.0, 1.0, 1.0, 1.0
13727, 2.7592572621999357e-05, 0.007651754778923182, 0.0025128447128369377, 0.0004686279731276576, 10.0, 1.0, 1.0, 1.0
13728, 2.7560247079976037e-05, 0.007638513097981636, 0.0025089544550604154, 0.00046587962766182463, 10.0, 1.0, 1.0, 1.0
13729, 2.744375287753701e-05, 0.007634154778973403, 0.0025598484252793556, 0.0004809320566635013, 10.0, 1.0, 1.0, 1.0
13730, 2.7112902171976194e-05, 0.007621387866251499, 0.002860155738760062, 0.0005003401658097064, 10.0, 1.0, 1.0, 1.0
13731, 2.7325648039612e-05, 0.0076268815015585485, 0.002564407391275481, 0.00048565357199628785, 10.0, 1.0, 1.0, 1.0
13732, 2.7303674172873593e-05, 0.007636205388024492, 0.002521589805197538, 0.0004913561492689819, 10.0, 1.0, 1.0, 1.0
13733, 2.7255482078131685e-05, 0.007638788872819698, 0.002497872591048894, 0.0005023789331581267, 10.0, 1.0, 1.0, 1.0
13734, 2.715152127323745e-05, 0.007624844919761172, 0.0025584288536185285, 0.0005154126873208955, 10.0, 1.0, 1.0, 1.0
13735, 2.700547905297184e-05, 0.007627891723949248, 0.0026584175426285204, 0.0005185664273056296, 10.0, 1.0, 1.0, 1.0
13736, 2.6952223558120555e-05, 0.0076288270532021245, 0.002684746431765765, 0.0005123611097118925, 10.0, 1.0, 1.0, 1.0
13737, 2.6919042006440445e-05, 0.007637287798550716, 0.0026882643316732363, 0.0005020348252541736, 10.0, 1.0, 1.0, 1.0
13738, 2.6873715493427538e-05, 0.007652076977299412, 0.0027089891171653184, 0.0004871433044660775, 10.0, 1.0, 1.0, 1.0
13739, 2.686993967731371e-05, 0.0076510496181560975, 0.002694476318247792, 0.00047827355569823556, 10.0, 1.0, 1.0, 1.0
13740, 2.6830170767236583e-05, 0.007632801692388693, 0.0026842712100679507, 0.0004845517496566417, 10.0, 1.0, 1.0, 1.0
13741, 2.6804727307771788e-05, 0.007595519051500315, 0.0026537480965666393, 0.000500979533526374, 10.0, 1.0, 1.0, 1.0
13742, 2.6835859711065273e-05, 0.007608594224848946, 0.002557945025932753, 0.0005185646712410621, 10.0, 1.0, 1.0, 1.0
13743, 2.6804941721121104e-05, 0.007603544123426201, 0.002543297428965532, 0.000525635140328448, 10.0, 1.0, 1.0, 1.0
13744, 2.6799810973051288e-05, 0.007592561740195208, 0.0025143726844391585, 0.0005334854889014414, 10.0, 1.0, 1.0, 1.0
13745, 2.682176834585894e-05, 0.007566138439918975, 0.0025015148689186474, 0.0005339656895133112, 10.0, 1.0, 1.0, 1.0
13746, 2.6812016593586338e-05, 0.007555795612260294, 0.002511566521536867, 0.0005338231384977003, 10.0, 1.0, 1.0, 1.0
13747, 2.6902388863106725e-05, 0.007541971628464984, 0.0024191851231585423, 0.0005346015477743399, 10.0, 1.0, 1.0, 1.0
13748, 2.6776940810016686e-05, 0.007536800676838585, 0.002532955373032869, 0.0005361590290213501, 10.0, 1.0, 1.0, 1.0
13749, 2.6784684872619018e-05, 0.007544372919430712, 0.0025047527946972245, 0.0005330219940607788, 10.0, 1.0, 1.0, 1.0
13750, 2.67715010613255e-05, 0.007557555177304559, 0.002485832153423568, 0.0005315198842541678, 10.0, 1.0, 1.0, 1.0
13751, 2.6768080461623714e-05, 0.007563491583281964, 0.002473768770248837, 0.0005309907879166004, 10.0, 1.0, 1.0, 1.0
13752, 2.673518192503013e-05, 0.007567018350587877, 0.0024925379656343793, 0.000531044759045815, 10.0, 1.0, 1.0, 1.0
13753, 2.6620301417372265e-05, 0.007585609437915753, 0.0025656579868370472, 0.0005362425791221071, 10.0, 1.0, 1.0, 1.0
13754, 2.6644026722188394e-05, 0.007598238442664643, 0.0025203012326203596, 0.0005340191378939673, 10.0, 1.0, 1.0, 1.0
13755, 2.662747884000125e-05, 0.007600690566625465, 0.002528623959469331, 0.0005290573545507853, 10.0, 1.0, 1.0, 1.0
13756, 2.6538676762807686e-05, 0.0076111707474419785, 0.0025822525272967073, 0.0005261243574972736, 10.0, 1.0, 1.0, 1.0
13757, 2.6432767271007733e-05, 0.007631964525910048, 0.002629408055476461, 0.0005179962752428195, 10.0, 1.0, 1.0, 1.0
13758, 2.629037062587995e-05, 0.007666111467220662, 0.002672175802597129, 0.0005125994979163505, 10.0, 1.0, 1.0, 1.0
13759, 2.6106124313331873e-05, 0.007730793415592179, 0.002659567223963418, 0.0005136011391951092, 10.0, 1.0, 1.0, 1.0
13760, 2.5606722227146644e-05, 0.007753843850492914, 0.002973115937506098, 0.0005463937493955511, 10.0, 1.0, 1.0, 1.0
13761, 2.5632890523285746e-05, 0.007783174236252405, 0.002779313093366636, 0.0005625100518764575, 10.0, 1.0, 1.0, 1.0
13762, 2.564768089626908e-05, 0.007771375681818024, 0.00264372437758234, 0.0006373457401936432, 10.0, 1.0, 1.0, 1.0
13763, 2.6185611535286448e-05, 0.007663936575331564, 0.002054804440454054, 0.0005797675888718518, 10.0, 1.0, 1.0, 1.0
13764, 2.5245936060501114e-05, 0.007695834696061503, 0.002795942459487313, 0.0006195895916371719, 10.0, 1.0, 1.0, 1.0
13765, 2.550836635301872e-05, 0.007712285316314873, 0.00245815282945054, 0.0006006363581349558, 10.0, 1.0, 1.0, 1.0
13766, 2.5571342118422086e-05, 0.0077090212572336475, 0.002353737497108493, 0.0005992011741658982, 10.0, 1.0, 1.0, 1.0
13767, 2.542146705059404e-05, 0.007693349357917997, 0.0024598830472462706, 0.0006074966209987561, 10.0, 1.0, 1.0, 1.0
13768, 2.52243423409648e-05, 0.007706625709477266, 0.0025937723603818227, 0.0006138393744283008, 10.0, 1.0, 1.0, 1.0
13769, 2.5235962965593467e-05, 0.007715812526192157, 0.0025347171320811842, 0.0006073111618259907, 10.0, 1.0, 1.0, 1.0
13770, 2.5293709751396442e-05, 0.007702009784749034, 0.002464509586208656, 0.0005979559359705714, 10.0, 1.0, 1.0, 1.0
13771, 2.5289511625286135e-05, 0.007737572974038306, 0.0024157192071737987, 0.0005769607021281478, 10.0, 1.0, 1.0, 1.0
13772, 2.53221493919016e-05, 0.007755865987456538, 0.002344443861021563, 0.0005398394594663626, 10.0, 1.0, 1.0, 1.0
13773, 2.5280284252963542e-05, 0.007773991883776046, 0.002339170142715908, 0.0005157486548471028, 10.0, 1.0, 1.0, 1.0
13774, 2.5175438538229092e-05, 0.00777553539967661, 0.0024155405418668716, 0.0004812811319270868, 10.0, 1.0, 1.0, 1.0
13775, 2.5182929561837928e-05, 0.0077738094264370675, 0.002357526620262497, 0.0004779350128029266, 10.0, 1.0, 1.0, 1.0
13776, 2.503247754047572e-05, 0.007762933162885128, 0.0024779235083252833, 0.00047546344933777253, 10.0, 1.0, 1.0, 1.0
13777, 2.501524128720837e-05, 0.007754985262822246, 0.002461804184076653, 0.00047510055278474783, 10.0, 1.0, 1.0, 1.0
13778, 2.495940382559844e-05, 0.007726761071197629, 0.0025061847979245895, 0.00047952637707999915, 10.0, 1.0, 1.0, 1.0
13779, 2.50529341043751e-05, 0.007731380831502328, 0.002368612618626733, 0.00047633206528205655, 10.0, 1.0, 1.0, 1.0
13780, 2.508811942314147e-05, 0.007732714974558584, 0.002328609892768826, 0.00045370327616795435, 10.0, 1.0, 1.0, 1.0
13781, 2.5092268106355794e-05, 0.007763049101302654, 0.0022709233139710195, 0.0004581597148356737, 10.0, 1.0, 1.0, 1.0
13782, 2.5083050106708818e-05, 0.0077549461152063666, 0.002274328804786904, 0.0004569672811394827, 10.0, 1.0, 1.0, 1.0
13783, 2.5013287909335962e-05, 0.00776465695470464, 0.0023272070809174043, 0.00045218742606123626, 10.0, 1.0, 1.0, 1.0
13784, 2.5027725698738057e-05, 0.00777719709158664, 0.002291775670268947, 0.0004508526514383047, 10.0, 1.0, 1.0, 1.0
13785, 2.4878780147180006e-05, 0.007836393363789254, 0.0023928750894026975, 0.0004365896294232737, 10.0, 1.0, 1.0, 1.0
13786, 2.494957347355244e-05, 0.007826472232732126, 0.002303969170441828, 0.00043950880200915757, 10.0, 1.0, 1.0, 1.0
13787, 2.4961164814654465e-05, 0.00782683977741317, 0.0022804562454287716, 0.0004366246870447403, 10.0, 1.0, 1.0, 1.0
13788, 2.4951293448668616e-05, 0.007833929399198967, 0.0022659333471997246, 0.00042827557808886117, 10.0, 1.0, 1.0, 1.0
13789, 2.489936149296552e-05, 0.007838535282556014, 0.0022991457489209147, 0.00042136823547192503, 10.0, 1.0, 1.0, 1.0
13790, 2.485299960510771e-05, 0.007845531205075524, 0.002325414685572252, 0.0004176014389239396, 10.0, 1.0, 1.0, 1.0
13791, 2.4765857319866236e-05, 0.007831314386499316, 0.0024046815584730656, 0.00042265578539188583, 10.0, 1.0, 1.0, 1.0
13792, 2.4748467219622546e-05, 0.007834213559867896, 0.0024121021568072063, 0.00042243694575829486, 10.0, 1.0, 1.0, 1.0
13793, 2.4749487487845853e-05, 0.007839198529705441, 0.0023885460018911106, 0.0004253851678016204, 10.0, 1.0, 1.0, 1.0
13794, 2.468018184626785e-05, 0.007854754178441767, 0.002423161974425877, 0.00042846536093464355, 10.0, 1.0, 1.0, 1.0
13795, 2.4699605124575806e-05, 0.007867480233497917, 0.002371635411840409, 0.0004313615397528168, 10.0, 1.0, 1.0, 1.0
13796, 2.468346471929141e-05, 0.007876797506587525, 0.0023642453033392804, 0.00043055507193179093, 10.0, 1.0, 1.0, 1.0
13797, 2.468817180561467e-05, 0.00788993234130622, 0.002337056444136759, 0.0004238255092364248, 10.0, 1.0, 1.0, 1.0
13798, 2.4648430811414336e-05, 0.00791330152829055, 0.0023579452866706414, 0.0004109181477132485, 10.0, 1.0, 1.0, 1.0
13799, 2.464914216883641e-05, 0.007923609588566848, 0.0023354915292424496, 0.0004014745558406206, 10.0, 1.0, 1.0, 1.0
13800, 2.461416833537478e-05, 0.007942340902458959, 0.00234195080224864, 0.0003974394898075941, 10.0, 1.0, 1.0, 1.0
13801, 2.4537395315550703e-05, 0.007978877145242029, 0.002362992137066271, 0.0003968147854980501, 10.0, 1.0, 1.0, 1.0
13802, 2.4522626285919948e-05, 0.007984083875640842, 0.0023564105238417917, 0.00040054399212483157, 10.0, 1.0, 1.0, 1.0
13803, 2.447257909118175e-05, 0.007995873737510302, 0.0023763662435584755, 0.0004068035216588239, 10.0, 1.0, 1.0, 1.0
13804, 2.4457550082000654e-05, 0.0079939907607798, 0.0023770923240903656, 0.0004085563232715432, 10.0, 1.0, 1.0, 1.0
13805, 2.449519662353911e-05, 0.00799380003730369, 0.002329841313334793, 0.00040733401846243734, 10.0, 1.0, 1.0, 1.0
13806, 2.44509102335677e-05, 0.008008423631426027, 0.0023447393165185715, 0.00041054230429181176, 10.0, 1.0, 1.0, 1.0
13807, 2.4540314236408794e-05, 0.008022957057975936, 0.0022335247504255184, 0.00040920547336024434, 10.0, 1.0, 1.0, 1.0
13808, 2.452871191049644e-05, 0.008041047955356508, 0.0022199948766624287, 0.00040596861235736646, 10.0, 1.0, 1.0, 1.0
13809, 2.437955497371009e-05, 0.008067503627331293, 0.002327062759524318, 0.0004058977233457673, 10.0, 1.0, 1.0, 1.0
13810, 2.4348094288355127e-05, 0.008074177677779138, 0.002340218527411495, 0.0004034034193542311, 10.0, 1.0, 1.0, 1.0
13811, 2.4321789265567453e-05, 0.008106201281343144, 0.0023179966336398924, 0.00039792283535941943, 10.0, 1.0, 1.0, 1.0
13812, 2.4282561447117234e-05, 0.00812957752303925, 0.002299544716153554, 0.00039484498035446285, 10.0, 1.0, 1.0, 1.0
13813, 2.4236823324561952e-05, 0.008136333226568107, 0.002288171436891469, 0.0003944348386446779, 10.0, 1.0, 1.0, 1.0
13814, 2.428569120435143e-05, 0.008121470570302337, 0.0022190982573747553, 0.0003926257437603299, 10.0, 1.0, 1.0, 1.0
13815, 2.4261278048496164e-05, 0.00810297529359514, 0.0022274924462841713, 0.00039326257078913565, 10.0, 1.0, 1.0, 1.0
13816, 2.4287158996478177e-05, 0.008046233874478432, 0.0022206711423073473, 0.0003923099202017728, 10.0, 1.0, 1.0, 1.0
13817, 2.4127428591681637e-05, 0.008036718190272954, 0.0023667403224045397, 0.0003853860259106576, 10.0, 1.0, 1.0, 1.0
13818, 2.409944374739839e-05, 0.008004886512449051, 0.002366946474012778, 0.00037702762440322123, 10.0, 1.0, 1.0, 1.0
13819, 2.410043105045283e-05, 0.008026827138841293, 0.002328386284064326, 0.0003672566240361098, 10.0, 1.0, 1.0, 1.0
13820, 2.395974533732244e-05, 0.00806702611947792, 0.002389283640064884, 0.00035576798302595626, 10.0, 1.0, 1.0, 1.0
13821, 2.3955584056040694e-05, 0.008110292158162825, 0.0022994087820312164, 0.00034758332871071663, 10.0, 1.0, 1.0, 1.0
13822, 2.3902487138981127e-05, 0.0081279133180321, 0.002255093538338991, 0.00035051044449786517, 10.0, 1.0, 1.0, 1.0
13823, 2.379263096180176e-05, 0.008128970034306425, 0.002316792234633217, 0.00035327346878426654, 10.0, 1.0, 1.0, 1.0
13824, 2.3762973389438775e-05, 0.00810538472327277, 0.0022742498419345667, 0.0003623249100036616, 10.0, 1.0, 1.0, 1.0
13825, 2.375510220510221e-05, 0.008080303057287236, 0.002254366700609142, 0.00036318916418805506, 10.0, 1.0, 1.0, 1.0
13826, 2.3651317549790778e-05, 0.008030969571532804, 0.0023716101587297317, 0.00036495576311609807, 10.0, 1.0, 1.0, 1.0
13827, 2.3983719714347456e-05, 0.008016676853107257, 0.0020469916740863303, 0.00035720429842801897, 10.0, 1.0, 1.0, 1.0
13828, 2.3756939740570107e-05, 0.00804614313400735, 0.002193032029549313, 0.0003574163186926652, 10.0, 1.0, 1.0, 1.0
13829, 2.370099471951273e-05, 0.00804029306007505, 0.002239609124287741, 0.0003573671041010233, 10.0, 1.0, 1.0, 1.0
13830, 2.3648124266250113e-05, 0.0080400777188663, 0.002274224298247015, 0.00035614035486072285, 10.0, 1.0, 1.0, 1.0
13831, 2.364091837929552e-05, 0.008048809483012467, 0.002267918192510235, 0.00035304408461030553, 10.0, 1.0, 1.0, 1.0
13832, 2.3626519819661044e-05, 0.00806692105513037, 0.002245825025772973, 0.00035323509123117775, 10.0, 1.0, 1.0, 1.0
13833, 2.3592964561272716e-05, 0.008093376728985321, 0.0022425384532881406, 0.0003523113428469781, 10.0, 1.0, 1.0, 1.0
13834, 2.3576149559718284e-05, 0.008128554562290136, 0.0022059048724226682, 0.00035479521805750535, 10.0, 1.0, 1.0, 1.0
13835, 2.3549820487612315e-05, 0.00816577387419282, 0.002182370138600577, 0.00035790991063920023, 10.0, 1.0, 1.0, 1.0
13836, 2.3509864761119224e-05, 0.008187568044334221, 0.0021837473430633275, 0.0003643600440117653, 10.0, 1.0, 1.0, 1.0
13837, 2.3446887443566243e-05, 0.008211107788194472, 0.002194759035730998, 0.0003781835581050085, 10.0, 1.0, 1.0, 1.0
13838, 2.3347222202954857e-05, 0.008245233795460428, 0.0022409758903748456, 0.0003871928234806238, 10.0, 1.0, 1.0, 1.0
13839, 2.3309366943834445e-05, 0.008248212053829862, 0.0022434440952755867, 0.0004044228808638571, 10.0, 1.0, 1.0, 1.0
13840, 2.3361852465685873e-05, 0.00823063563674845, 0.0022008566899257543, 0.00040581909383955806, 10.0, 1.0, 1.0, 1.0
13841, 2.334679750479076e-05, 0.008224151448609902, 0.0022108566574219274, 0.0003996866280860276, 10.0, 1.0, 1.0, 1.0
13842, 2.3309240979433267e-05, 0.008231680762444285, 0.002213208181718596, 0.0003909377255404086, 10.0, 1.0, 1.0, 1.0
13843, 2.32464715844248e-05, 0.008238359995262857, 0.0022386992797266488, 0.0003990328116125117, 10.0, 1.0, 1.0, 1.0
13844, 2.325006265813714e-05, 0.00825049977743761, 0.002170464582613645, 0.0004089700725309788, 10.0, 1.0, 1.0, 1.0
13845, 2.3238612104762652e-05, 0.00826250002819248, 0.0021163280346614137, 0.00042047323699605026, 10.0, 1.0, 1.0, 1.0
13846, 2.3146036576711747e-05, 0.008267228393814646, 0.002136903185404024, 0.0004566899188986796, 10.0, 1.0, 1.0, 1.0
13847, 2.30633714766815e-05, 0.008282305904609662, 0.002157518513896385, 0.00047779665405096465, 10.0, 1.0, 1.0, 1.0
13848, 2.301008197675356e-05, 0.00825187348350116, 0.0021547230863802605, 0.0005176609490060491, 10.0, 1.0, 1.0, 1.0
13849, 2.3068089312395902e-05, 0.008188196554517847, 0.0021069590382843785, 0.0005420548290639187, 10.0, 1.0, 1.0, 1.0
13850, 2.3040676835315763e-05, 0.008177576153477839, 0.0021308165016767386, 0.0005130681805424622, 10.0, 1.0, 1.0, 1.0
13851, 2.295037257771271e-05, 0.008194035554795203, 0.0021604100479769134, 0.0005267461901946547, 10.0, 1.0, 1.0, 1.0
13852, 2.296807033773237e-05, 0.008208989434934096, 0.0020912508366219963, 0.0005414023390533393, 10.0, 1.0, 1.0, 1.0
13853, 2.2790923841009284e-05, 0.008224102501100772, 0.0022360284214313774, 0.0005506030926788523, 10.0, 1.0, 1.0, 1.0
13854, 2.285053164685751e-05, 0.008231102857141598, 0.002159601425554673, 0.0005473230792588608, 10.0, 1.0, 1.0, 1.0
13855, 2.290718071081248e-05, 0.008192323986841924, 0.0021138511623228617, 0.0005595384893494755, 10.0, 1.0, 1.0, 1.0
13856, 2.2918424492750568e-05, 0.008142939846515294, 0.002104995529088487, 0.000581886903677675, 10.0, 1.0, 1.0, 1.0
13857, 2.285016974878304e-05, 0.008108232280086879, 0.0021589791760464223, 0.000610524304166525, 10.0, 1.0, 1.0, 1.0
13858, 2.275927757342381e-05, 0.008115789789423318, 0.00221722975640938, 0.0006155965993244875, 10.0, 1.0, 1.0, 1.0
13859, 2.2730940373555362e-05, 0.008122086851188398, 0.00220899909978562, 0.0006267133861394528, 10.0, 1.0, 1.0, 1.0
13860, 2.266419046311279e-05, 0.008117014132322605, 0.0022303494553782568, 0.0006505557193433144, 10.0, 1.0, 1.0, 1.0
13861, 2.264103975700311e-05, 0.00812518336206911, 0.0022126151318790466, 0.000661134611854209, 10.0, 1.0, 1.0, 1.0
13862, 2.2620428882426745e-05, 0.008105454147844185, 0.0022281487196626794, 0.0006700721247377551, 10.0, 1.0, 1.0, 1.0
13863, 2.263609253609856e-05, 0.008059428841890426, 0.002220441932508616, 0.000690804830661959, 10.0, 1.0, 1.0, 1.0
13864, 2.2684115758377237e-05, 0.008068252937181736, 0.0021529476408530595, 0.0006762176038746984, 10.0, 1.0, 1.0, 1.0
13865, 2.2685964400746328e-05, 0.008037432307963154, 0.0021557696276224545, 0.0006828840820876745, 10.0, 1.0, 1.0, 1.0
13866, 2.2707378078139506e-05, 0.008031055727698204, 0.0021303927885335267, 0.0006774633907721893, 10.0, 1.0, 1.0, 1.0
13867, 2.2780169437719567e-05, 0.007994002692712674, 0.0020547985681265007, 0.0006858989397181103, 10.0, 1.0, 1.0, 1.0
13868, 2.2807256660882645e-05, 0.008019340455349248, 0.001985638025233344, 0.0006625814475840266, 10.0, 1.0, 1.0, 1.0
13869, 2.280742168378163e-05, 0.00805483119722332, 0.0019338955869341303, 0.0006115009875256991, 10.0, 1.0, 1.0, 1.0
13870, 2.2709042371865655e-05, 0.008104330781941537, 0.002011303177868962, 0.0005417853219702376, 10.0, 1.0, 1.0, 1.0
13871, 2.2853335412758887e-05, 0.008090182817604433, 0.0018433438246115786, 0.0005280052766797039, 10.0, 1.0, 1.0, 1.0
13872, 2.262385672515498e-05, 0.008060116963803234, 0.002081283847200532, 0.0005037841207607034, 10.0, 1.0, 1.0, 1.0
13873, 2.263477049748911e-05, 0.008042065797901074, 0.002059519518095748, 0.000504650256034501, 10.0, 1.0, 1.0, 1.0
13874, 2.265690383659056e-05, 0.008014356948257731, 0.002061141914827376, 0.0004963626617636715, 10.0, 1.0, 1.0, 1.0
13875, 2.2709316462572224e-05, 0.007969554948817263, 0.0020284087368490447, 0.0005019278871596436, 10.0, 1.0, 1.0, 1.0
13876, 2.266083337019811e-05, 0.007929445321835439, 0.002106191977759533, 0.0004984604636364061, 10.0, 1.0, 1.0, 1.0
13877, 2.2663029471567425e-05, 0.007898917488187966, 0.002122917434237413, 0.0005017096235711998, 10.0, 1.0, 1.0, 1.0
13878, 2.2636122722498055e-05, 0.007880721163172573, 0.0021619339929666104, 0.000495300052420448, 10.0, 1.0, 1.0, 1.0
13879, 2.2614333093341393e-05, 0.007854770825909622, 0.0021937563594903774, 0.0004889635117203864, 10.0, 1.0, 1.0, 1.0
13880, 2.26466272662126e-05, 0.007809986064600397, 0.002200497793821689, 0.00047737379945654357, 10.0, 1.0, 1.0, 1.0
13881, 2.2614426123589255e-05, 0.007820302995776619, 0.002194512972529241, 0.00046890588539812584, 10.0, 1.0, 1.0, 1.0
13882, 2.2641386692213266e-05, 0.007813336966187976, 0.0021582214320864847, 0.00045844894418261433, 10.0, 1.0, 1.0, 1.0
13883, 2.2649446088607544e-05, 0.007858486298109023, 0.0020804077108478535, 0.00045484472117742175, 10.0, 1.0, 1.0, 1.0
13884, 2.267881245184574e-05, 0.007846504279426137, 0.002065685711497118, 0.00044554966216284626, 10.0, 1.0, 1.0, 1.0
13885, 2.2724164106310018e-05, 0.007847059423085868, 0.0020142295161560387, 0.000446626944641266, 10.0, 1.0, 1.0, 1.0
13886, 2.267660250345919e-05, 0.007837273609132521, 0.002068723745831189, 0.00044524985668612074, 10.0, 1.0, 1.0, 1.0
13887, 2.26691819830542e-05, 0.007829338213721827, 0.0020789622165534745, 0.0004461444208854122, 10.0, 1.0, 1.0, 1.0
13888, 2.26406708846152e-05, 0.007815795374312134, 0.0021117453878295844, 0.00044767075440681295, 10.0, 1.0, 1.0, 1.0
13889, 2.2661646786392336e-05, 0.007825591345288208, 0.0020851805838989117, 0.00043880702776530713, 10.0, 1.0, 1.0, 1.0
13890, 2.2642604331018633e-05, 0.007823672401676163, 0.0020919391402556696, 0.00044194915335157115, 10.0, 1.0, 1.0, 1.0
13891, 2.2625661030952054e-05, 0.007817080966832077, 0.0021027730578253067, 0.00044213660970992153, 10.0, 1.0, 1.0, 1.0
13892, 2.2623419068319654e-05, 0.007836134357993595, 0.0020707437988275405, 0.00043945106233819124, 10.0, 1.0, 1.0, 1.0
13893, 2.26049142092558e-05, 0.007853702140398705, 0.0020469011131832296, 0.0004332951939660214, 10.0, 1.0, 1.0, 1.0
13894, 2.2458697434946567e-05, 0.007943115161051997, 0.0020631579755200106, 0.00043129969852189723, 10.0, 1.0, 1.0, 1.0
13895, 2.2562976604386917e-05, 0.007911773112165123, 0.0019765262949632476, 0.0004077142990002156, 10.0, 1.0, 1.0, 1.0
13896, 2.2577792681901703e-05, 0.007932522156986628, 0.001906042767752288, 0.00040229371595851927, 10.0, 1.0, 1.0, 1.0
13897, 2.2536904856775065e-05, 0.007908873547523235, 0.0019302476666956262, 0.00038425201976308214, 10.0, 1.0, 1.0, 1.0
13898, 2.2565562452731662e-05, 0.0078632448723813, 0.0018695620741421908, 0.0003906403398729592, 10.0, 1.0, 1.0, 1.0
13899, 2.245168879506946e-05, 0.00785901182333874, 0.0019177091387592203, 0.0003799488560551293, 10.0, 1.0, 1.0, 1.0
13900, 2.231455633885249e-05, 0.007810777487931812, 0.0019325753797877262, 0.0003873734257333719, 10.0, 1.0, 1.0, 1.0
